,,,,,,,,,,,,,,,,,,,,0,,,,,,,,,,,,,,,,,,
,Talos ES™ instruction set,,,,Instruction word,,,,,,,,,,,,,,,,,,,,,,,,,,,,,,,,,
,Opcode,ASSEMBLY MNEMONIC,Meaning,,AHLE,AHOE,ALLE,ALOE,AR1CE,AR1LE,AR1OE,AR2CE,AR2LE,AR2OE,BHLE,BHOE,BLLE,BLOE,EDBIE,IBHIOE,IBLIOE,IMMHOE,IMMLOE,JAHLE,JALLE,PCOE,PCLE,RHOE,RLOE,SFW,SNH,SNL,RD,WR,CIMF,SOMF,,CHECK-SUM
,0,NOP,"No operation (Nota bene, ALU always operates, even if stealthly)",,0,0,0,0,0,0,0,0,0,0,0,0,0,0,0,0,0,0,0,0,0,1,0,0,0,0,0,0,0,0,0,0,,1
,1,AH=$nn,Load immediate,,1,0,0,0,0,0,0,0,0,0,0,0,0,0,0,0,0,1,0,0,0,1,0,0,0,0,0,0,0,0,0,0,,3
,2,AL=$nn,"""$nn"" must be replaced with a hexadecimal number between $0 and $FF",,0,0,1,0,0,0,0,0,0,0,0,0,0,0,0,0,0,0,1,0,0,1,0,0,0,0,0,0,0,0,0,0,,3
,3,BH=$nn,,,0,0,0,0,0,0,0,0,0,0,1,0,0,0,0,0,0,1,0,0,0,1,0,0,0,0,0,0,0,0,0,0,,3
,4,BL=$nn,,,0,0,0,0,0,0,0,0,0,0,0,0,1,0,0,0,0,0,1,0,0,1,0,0,0,0,0,0,0,0,0,0,,3
,5,JAH=$nn,,,0,0,0,0,0,0,0,0,0,0,0,0,0,0,0,0,0,1,0,1,0,1,0,0,0,0,0,0,0,0,0,0,,3
,6,JAL=$nn,,,0,0,0,0,0,0,0,0,0,0,0,0,0,0,0,0,0,0,1,0,1,1,0,0,0,0,0,0,0,0,0,0,,3
,7,AH=(AR1),Load from memory,,1,0,0,0,0,0,1,0,0,0,0,0,0,0,1,1,0,0,0,0,0,1,0,0,0,0,0,0,1,0,0,0,,6
,8,AL=(AR1),,,0,0,1,0,0,0,1,0,0,0,0,0,0,0,1,0,1,0,0,0,0,1,0,0,0,0,0,0,1,0,0,0,,6
,9,BH=(AR1),,,0,0,0,0,0,0,1,0,0,0,1,0,0,0,1,1,0,0,0,0,0,1,0,0,0,0,0,0,1,0,0,0,,6
,10,BL=(AR1),,,0,0,0,0,0,0,1,0,0,0,0,0,1,0,1,0,1,0,0,0,0,1,0,0,0,0,0,0,1,0,0,0,,6
,11,JAH=(AR1),,,0,0,0,0,0,0,1,0,0,0,0,0,0,0,1,1,0,0,0,1,0,1,0,0,0,0,0,0,1,0,0,0,,6
,12,JAL=(AR1),,,0,0,0,0,0,0,1,0,0,0,0,0,0,0,1,0,1,0,0,0,1,1,0,0,0,0,0,0,1,0,0,0,,6
,13,AH=(AR2),,,1,0,0,0,0,0,0,0,0,1,0,0,0,0,1,1,0,0,0,0,0,1,0,0,0,0,0,0,1,0,0,0,,6
,14,AL=(AR2),,,0,0,1,0,0,0,0,0,0,1,0,0,0,0,1,0,1,0,0,0,0,1,0,0,0,0,0,0,1,0,0,0,,6
,15,BH=(AR2),,,0,0,0,0,0,0,0,0,0,1,1,0,0,0,1,1,0,0,0,0,0,1,0,0,0,0,0,0,1,0,0,0,,6
,16,BL=(AR2),,,0,0,0,0,0,0,0,0,0,1,0,0,1,0,1,0,1,0,0,0,0,1,0,0,0,0,0,0,1,0,0,0,,6
,17,JAH=(AR2),,,0,0,0,0,0,0,0,0,0,1,0,0,0,0,1,1,0,0,0,1,0,1,0,0,0,0,0,0,1,0,0,0,,6
,18,JAL=(AR2),,,0,0,0,0,0,0,0,0,0,1,0,0,0,0,1,0,1,0,0,0,1,1,0,0,0,0,0,0,1,0,0,0,,6
MIMD,19,"AH=(AR1)  , AR2++",Load from memory and increment address register,,1,0,0,0,0,0,1,1,0,0,0,0,0,0,1,1,0,0,0,0,0,1,0,0,0,0,0,0,1,0,0,0,,7
MIMD,20,"AL=(AR1)  , AR2++",,,0,0,1,0,0,0,1,1,0,0,0,0,0,0,1,0,1,0,0,0,0,1,0,0,0,0,0,0,1,0,0,0,,7
MIMD,21,"BH=(AR1)  , AR2++",,,0,0,0,0,0,0,1,1,0,0,1,0,0,0,1,1,0,0,0,0,0,1,0,0,0,0,0,0,1,0,0,0,,7
MIMD,22,"BL=(AR1)  , AR2++",,,0,0,0,0,0,0,1,1,0,0,0,0,1,0,1,0,1,0,0,0,0,1,0,0,0,0,0,0,1,0,0,0,,7
MIMD,23,"JAH=(AR1) , AR2++",,,0,0,0,0,0,0,1,1,0,0,0,0,0,0,1,1,0,0,0,1,0,1,0,0,0,0,0,0,1,0,0,0,,7
MIMD,24,"JAL=(AR1) , AR2++",,,0,0,0,0,0,0,1,1,0,0,0,0,0,0,1,0,1,0,0,0,1,1,0,0,0,0,0,0,1,0,0,0,,7
MIMD,25,"AH=(AR2)  , AR1++",,,1,0,0,0,1,0,0,0,0,1,0,0,0,0,1,1,0,0,0,0,0,1,0,0,0,0,0,0,1,0,0,0,,7
MIMD,26,"AL=(AR2)  , AR1++",,,0,0,1,0,1,0,0,0,0,1,0,0,0,0,1,0,1,0,0,0,0,1,0,0,0,0,0,0,1,0,0,0,,7
MIMD,27,"BH=(AR2)  , AR1++",,,0,0,0,0,1,0,0,0,0,1,1,0,0,0,1,1,0,0,0,0,0,1,0,0,0,0,0,0,1,0,0,0,,7
MIMD,28,"BL=(AR2)  , AR1++",,,0,0,0,0,1,0,0,0,0,1,0,0,1,0,1,0,1,0,0,0,0,1,0,0,0,0,0,0,1,0,0,0,,7
MIMD,29,"JAH=(AR2) , AR1++",,,0,0,0,0,1,0,0,0,0,1,0,0,0,0,1,1,0,0,0,1,0,1,0,0,0,0,0,0,1,0,0,0,,7
MIMD,30,"JAL=(AR2) , AR1++",,,0,0,0,0,1,0,0,0,0,1,0,0,0,0,1,0,1,0,0,0,1,1,0,0,0,0,0,0,1,0,0,0,,7
,31,(AR1)=AH,Store in memory,,0,1,0,0,0,0,1,0,0,0,0,0,0,0,0,1,0,0,0,0,0,1,0,0,0,0,0,0,0,1,0,0,,5
,32,(AR1)=AL,,,0,0,0,1,0,0,1,0,0,0,0,0,0,0,0,0,1,0,0,0,0,1,0,0,0,0,0,0,0,1,0,0,,5
,33,(AR1)=BH,,,0,0,0,0,0,0,1,0,0,0,0,1,0,0,0,1,0,0,0,0,0,1,0,0,0,0,0,0,0,1,0,0,,5
,34,(AR1)=BL,,,0,0,0,0,0,0,1,0,0,0,0,0,0,1,0,0,1,0,0,0,0,1,0,0,0,0,0,0,0,1,0,0,,5
,35,(AR1)=RH,,,0,0,0,0,0,0,1,0,0,0,0,0,0,0,0,1,0,0,0,0,0,1,0,1,0,0,0,0,0,1,0,0,,5
,36,(AR1)=RL,,,0,0,0,0,0,0,1,0,0,0,0,0,0,0,0,0,1,0,0,0,0,1,0,0,1,0,0,0,0,1,0,0,,5
,37,(AR2)=AH,,,0,1,0,0,0,0,0,0,0,1,0,0,0,0,0,1,0,0,0,0,0,1,0,0,0,0,0,0,0,1,0,0,,5
,38,(AR2)=AL,,,0,0,0,1,0,0,0,0,0,1,0,0,0,0,0,0,1,0,0,0,0,1,0,0,0,0,0,0,0,1,0,0,,5
,39,(AR2)=BH,,,0,0,0,0,0,0,0,0,0,1,0,1,0,0,0,1,0,0,0,0,0,1,0,0,0,0,0,0,0,1,0,0,,5
,40,(AR2)=BL,,,0,0,0,0,0,0,0,0,0,1,0,0,0,1,0,0,1,0,0,0,0,1,0,0,0,0,0,0,0,1,0,0,,5
,41,(AR2)=RH,,,0,0,0,0,0,0,0,0,0,1,0,0,0,0,0,1,0,0,0,0,0,1,0,1,0,0,0,0,0,1,0,0,,5
,42,(AR2)=RL,,,0,0,0,0,0,0,0,0,0,1,0,0,0,0,0,0,1,0,0,0,0,1,0,0,1,0,0,0,0,1,0,0,,5
MIMD,43,"(AR1)=AH , AR2++",Store in memory and increment address register,,0,1,0,0,0,0,1,1,0,0,0,0,0,0,0,1,0,0,0,0,0,1,0,0,0,0,0,0,0,1,0,0,,6
MIMD,44,"(AR1)=AL , AR2++",,,0,0,0,1,0,0,1,1,0,0,0,0,0,0,0,0,1,0,0,0,0,1,0,0,0,0,0,0,0,1,0,0,,6
MIMD,45,"(AR1)=BH , AR2++",,,0,0,0,0,0,0,1,1,0,0,0,1,0,0,0,1,0,0,0,0,0,1,0,0,0,0,0,0,0,1,0,0,,6
MIMD,46,"(AR1)=BL , AR2++",,,0,0,0,0,0,0,1,1,0,0,0,0,0,1,0,0,1,0,0,0,0,1,0,0,0,0,0,0,0,1,0,0,,6
MIMD,47,"(AR1)=RH , AR2++",,,0,0,0,0,0,0,1,1,0,0,0,0,0,0,0,1,0,0,0,0,0,1,0,1,0,0,0,0,0,1,0,0,,6
MIMD,48,"(AR1)=RL , AR2++",,,0,0,0,0,0,0,1,1,0,0,0,0,0,0,0,0,1,0,0,0,0,1,0,0,1,0,0,0,0,1,0,0,,6
MIMD,49,"(AR2)=AH , AR1++",,,0,1,0,0,1,0,0,0,0,1,0,0,0,0,0,1,0,0,0,0,0,1,0,0,0,0,0,0,0,1,0,0,,6
MIMD,50,"(AR2)=AL , AR1++",,,0,0,0,1,1,0,0,0,0,1,0,0,0,0,0,0,1,0,0,0,0,1,0,0,0,0,0,0,0,1,0,0,,6
MIMD,51,"(AR2)=BH , AR1++",,,0,0,0,0,1,0,0,0,0,1,0,1,0,0,0,1,0,0,0,0,0,1,0,0,0,0,0,0,0,1,0,0,,6
MIMD,52,"(AR2)=BL , AR1++",,,0,0,0,0,1,0,0,0,0,1,0,0,0,1,0,0,1,0,0,0,0,1,0,0,0,0,0,0,0,1,0,0,,6
MIMD,53,"(AR2)=RH , AR1++",,,0,0,0,0,1,0,0,0,0,1,0,0,0,0,0,1,0,0,0,0,0,1,0,1,0,0,0,0,0,1,0,0,,6
MIMD,54,"(AR2)=RL , AR1++",,,0,0,0,0,1,0,0,0,0,1,0,0,0,0,0,0,1,0,0,0,0,1,0,0,1,0,0,0,0,1,0,0,,6
,55,A=B,Copy register contents,,1,0,1,0,0,0,0,0,0,0,0,1,0,1,0,0,0,0,0,0,0,1,0,0,0,0,0,0,0,0,0,0,,5
,56,A=R,,,1,0,1,0,0,0,0,0,0,0,0,0,0,0,0,0,0,0,0,0,0,1,0,1,1,0,0,0,0,0,0,0,,5
,57,B=A,,,0,1,0,1,0,0,0,0,0,0,1,0,1,0,0,0,0,0,0,0,0,1,0,0,0,0,0,0,0,0,0,0,,5
,58,B=R,,,0,0,0,0,0,0,0,0,0,0,1,0,1,0,0,0,0,0,0,0,0,1,0,1,1,0,0,0,0,0,0,0,,5
,59,AR1=A,,,0,1,0,1,0,1,0,0,0,0,0,0,0,0,0,0,0,0,0,0,0,1,0,0,0,0,0,0,0,0,0,0,,4
,60,AR1=B,,,0,0,0,0,0,1,0,0,0,0,0,1,0,1,0,0,0,0,0,0,0,1,0,0,0,0,0,0,0,0,0,0,,4
,61,AR1=R,,,0,0,0,0,0,1,0,0,0,0,0,0,0,0,0,0,0,0,0,0,0,1,0,1,1,0,0,0,0,0,0,0,,4
,62,AR2=A,,,0,1,0,1,0,0,0,0,1,0,0,0,0,0,0,0,0,0,0,0,0,1,0,0,0,0,0,0,0,0,0,0,,4
,63,AR2=B,,,0,0,0,0,0,0,0,0,1,0,0,1,0,1,0,0,0,0,0,0,0,1,0,0,0,0,0,0,0,0,0,0,,4
,64,AR2=R,,,0,0,0,0,0,0,0,0,1,0,0,0,0,0,0,0,0,0,0,0,0,1,0,1,1,0,0,0,0,0,0,0,,4
,65,JA=A,,,0,1,0,1,0,0,0,0,0,0,0,0,0,0,0,0,0,0,0,1,1,1,0,0,0,0,0,0,0,0,0,0,,5
,66,JA=B,,,0,0,0,0,0,0,0,0,0,0,0,1,0,1,0,0,0,0,0,1,1,1,0,0,0,0,0,0,0,0,0,0,,5
,67,JA=R,,,0,0,0,0,0,0,0,0,0,0,0,0,0,0,0,0,0,0,0,1,1,1,0,1,1,0,0,0,0,0,0,0,,5
,68,AH=BH,,,1,0,0,0,0,0,0,0,0,0,0,1,0,0,0,0,0,0,0,0,0,1,0,0,0,0,0,0,0,0,0,0,,3
,69,AH=RH,,,1,0,0,0,0,0,0,0,0,0,0,0,0,0,0,0,0,0,0,0,0,1,0,1,0,0,0,0,0,0,0,0,,3
,70,BH=AH,,,0,1,0,0,0,0,0,0,0,0,1,0,0,0,0,0,0,0,0,0,0,1,0,0,0,0,0,0,0,0,0,0,,3
,71,BH=RH,,,0,0,0,0,0,0,0,0,0,0,1,0,0,0,0,0,0,0,0,0,0,1,0,1,0,0,0,0,0,0,0,0,,3
,72,JAH=AH,,,0,1,0,0,0,0,0,0,0,0,0,0,0,0,0,0,0,0,0,1,0,1,0,0,0,0,0,0,0,0,0,0,,3
,73,JAH=BH,,,0,0,0,0,0,0,0,0,0,0,0,1,0,0,0,0,0,0,0,1,0,1,0,0,0,0,0,0,0,0,0,0,,3
,74,JAH=RH,,,0,0,0,0,0,0,0,0,0,0,0,0,0,0,0,0,0,0,0,1,0,1,0,1,0,0,0,0,0,0,0,0,,3
,75,AL=BL,,,0,0,1,0,0,0,0,0,0,0,0,0,0,1,0,0,0,0,0,0,0,1,0,0,0,0,0,0,0,0,0,0,,3
,76,AL=RL,,,0,0,1,0,0,0,0,0,0,0,0,0,0,0,0,0,0,0,0,0,0,1,0,0,1,0,0,0,0,0,0,0,,3
,77,BL=AL,,,0,0,0,1,0,0,0,0,0,0,0,0,1,0,0,0,0,0,0,0,0,1,0,0,0,0,0,0,0,0,0,0,,3
,78,BL=RL,,,0,0,0,0,0,0,0,0,0,0,0,0,1,0,0,0,0,0,0,0,0,1,0,0,1,0,0,0,0,0,0,0,,3
,79,JAL=AL,,,0,0,0,1,0,0,0,0,0,0,0,0,0,0,0,0,0,0,0,0,1,1,0,0,0,0,0,0,0,0,0,0,,3
,80,JAL=BL,,,0,0,0,0,0,0,0,0,0,0,0,0,0,1,0,0,0,0,0,0,1,1,0,0,0,0,0,0,0,0,0,0,,3
,81,JAL=RL,,,0,0,0,0,0,0,0,0,0,0,0,0,0,0,0,0,0,0,0,0,1,1,0,0,1,0,0,0,0,0,0,0,,3
SIMD,82,"AH =BH , BL =AL",Two parallel register-to-register copy operations,,1,0,0,1,0,0,0,0,0,0,0,1,1,0,0,0,0,0,0,0,0,1,0,0,0,0,0,0,0,0,0,0,,5
SIMD,83,"AH =BH , JAL=AL",,,1,0,0,1,0,0,0,0,0,0,0,1,0,0,0,0,0,0,0,0,1,1,0,0,0,0,0,0,0,0,0,0,,5
SIMD,84,"AH =BH , JAL=BL",,,1,0,0,0,0,0,0,0,0,0,0,1,0,1,0,0,0,0,0,0,1,1,0,0,0,0,0,0,0,0,0,0,,5
SIMD,85,"BH =AH , AL =BL",,,0,1,1,0,0,0,0,0,0,0,1,0,0,1,0,0,0,0,0,0,0,1,0,0,0,0,0,0,0,0,0,0,,5
SIMD,86,"BH =AH , JAL=AL",,,0,1,0,1,0,0,0,0,0,0,1,0,0,0,0,0,0,0,0,0,1,1,0,0,0,0,0,0,0,0,0,0,,5
SIMD,87,"BH =AH , JAL=BL",,,0,1,0,0,0,0,0,0,0,0,1,0,0,1,0,0,0,0,0,0,1,1,0,0,0,0,0,0,0,0,0,0,,5
SIMD,88,"JAH=AH , AL =BL",,,0,1,1,0,0,0,0,0,0,0,0,0,0,1,0,0,0,0,0,1,0,1,0,0,0,0,0,0,0,0,0,0,,5
SIMD,89,"JAH=BH , AL =BL",,,0,0,1,0,0,0,0,0,0,0,0,1,0,1,0,0,0,0,0,1,0,1,0,0,0,0,0,0,0,0,0,0,,5
SIMD,90,"JAH=AH , BL =AL",,,0,1,0,1,0,0,0,0,0,0,0,0,1,0,0,0,0,0,0,1,0,1,0,0,0,0,0,0,0,0,0,0,,5
SIMD,91,"JAH=BH , BL =AL",,,0,0,0,1,0,0,0,0,0,0,0,1,1,0,0,0,0,0,0,1,0,1,0,0,0,0,0,0,0,0,0,0,,5
,92,R=A+B,Addition,,0,0,0,0,0,0,0,0,0,0,0,0,0,0,0,0,0,0,0,0,0,1,0,0,0,1,0,0,0,0,0,0,,2
,93,R=A-B,Subtraction,,0,0,0,0,0,0,0,0,0,0,0,0,0,0,0,0,0,0,0,0,0,1,0,0,0,1,1,1,0,0,0,0,,4
SIMD,94,"RH=AH-BH , RL=AL-BL",Two parallel substractions,,0,0,0,0,0,0,0,0,0,0,0,0,0,0,0,0,0,0,0,0,0,1,0,0,0,0,1,1,0,0,0,0,,3
MIMD,95,"RH=AH+BH , RL=AL-BL",Addition and subtraction,,0,0,0,0,0,0,0,0,0,0,0,0,0,0,0,0,0,0,0,0,0,1,0,0,0,0,0,1,0,0,0,0,,2
MIMD,96,"RH=AH-BH , RL=AL+BL",Subtraction and addition,,0,0,0,0,0,0,0,0,0,0,0,0,0,0,0,0,0,0,0,0,0,1,0,0,0,0,1,0,0,0,0,0,,2
MIMD,97,"RH=AH+BH , RL=AL-BL , JAH=(AR1)",Addition and subtraction in parallel with non-ALU operation,,0,0,0,0,0,0,1,0,0,0,0,0,0,0,1,1,0,0,0,1,0,1,0,0,0,0,0,1,1,0,0,0,,7
MIMD,98,"RH=AH+BH , RL=AL-BL , JAL=(AR1)",,,0,0,0,0,0,0,1,0,0,0,0,0,0,0,1,0,1,0,0,0,1,1,0,0,0,0,0,1,1,0,0,0,,7
MIMD,99,"RH=AH+BH , RL=AL-BL , JAH=(AR2)",,,0,0,0,0,0,0,0,0,0,1,0,0,0,0,1,1,0,0,0,1,0,1,0,0,0,0,0,1,1,0,0,0,,7
MIMD,100,"RH=AH+BH , RL=AL-BL , JAL=(AR2)",,,0,0,0,0,0,0,0,0,0,1,0,0,0,0,1,0,1,0,0,0,1,1,0,0,0,0,0,1,1,0,0,0,,7
MIMD,101,"RH=AH+BH , RL=AL-BL , JAH=(AR1) , AR2++",,,0,0,0,0,0,0,1,1,0,0,0,0,0,0,1,1,0,0,0,1,0,1,0,0,0,0,0,1,1,0,0,0,,8
MIMD,102,"RH=AH+BH , RL=AL-BL , JAL=(AR1) , AR2++",,,0,0,0,0,0,0,1,1,0,0,0,0,0,0,1,0,1,0,0,0,1,1,0,0,0,0,0,1,1,0,0,0,,8
MIMD,103,"RH=AH+BH , RL=AL-BL , JAH=(AR2) , AR1++",,,0,0,0,0,1,0,0,0,0,1,0,0,0,0,1,1,0,0,0,1,0,1,0,0,0,0,0,1,1,0,0,0,,8
MIMD,104,"RH=AH+BH , RL=AL-BL , JAL=(AR2) , AR1++",,,0,0,0,0,1,0,0,0,0,1,0,0,0,0,1,0,1,0,0,0,1,1,0,0,0,0,0,1,1,0,0,0,,8
MIMD,105,"RH=AH+BH , RL=AL-BL , (AR1)=AH",,,0,1,0,0,0,0,1,0,0,0,0,0,0,0,0,1,0,0,0,0,0,1,0,0,0,0,0,1,0,1,0,0,,6
MIMD,106,"RH=AH+BH , RL=AL-BL , (AR1)=AL",,,0,0,0,1,0,0,1,0,0,0,0,0,0,0,0,0,1,0,0,0,0,1,0,0,0,0,0,1,0,1,0,0,,6
MIMD,107,"RH=AH+BH , RL=AL-BL , (AR1)=BH",,,0,0,0,0,0,0,1,0,0,0,0,1,0,0,0,1,0,0,0,0,0,1,0,0,0,0,0,1,0,1,0,0,,6
MIMD,108,"RH=AH+BH , RL=AL-BL , (AR1)=BL",,,0,0,0,0,0,0,1,0,0,0,0,0,0,1,0,0,1,0,0,0,0,1,0,0,0,0,0,1,0,1,0,0,,6
MIMD,109,"RH=AH+BH , RL=AL-BL , (AR1)=RH",,,0,0,0,0,0,0,1,0,0,0,0,0,0,0,0,1,0,0,0,0,0,1,0,1,0,0,0,1,0,1,0,0,,6
MIMD,110,"RH=AH+BH , RL=AL-BL , (AR1)=RL",,,0,0,0,0,0,0,1,0,0,0,0,0,0,0,0,0,1,0,0,0,0,1,0,0,1,0,0,1,0,1,0,0,,6
MIMD,111,"RH=AH+BH , RL=AL-BL , (AR2)=AH",,,0,1,0,0,0,0,0,0,0,1,0,0,0,0,0,1,0,0,0,0,0,1,0,0,0,0,0,1,0,1,0,0,,6
MIMD,112,"RH=AH+BH , RL=AL-BL , (AR2)=AL",,,0,0,0,1,0,0,0,0,0,1,0,0,0,0,0,0,1,0,0,0,0,1,0,0,0,0,0,1,0,1,0,0,,6
MIMD,113,"RH=AH+BH , RL=AL-BL , (AR2)=BH",,,0,0,0,0,0,0,0,0,0,1,0,1,0,0,0,1,0,0,0,0,0,1,0,0,0,0,0,1,0,1,0,0,,6
MIMD,114,"RH=AH+BH , RL=AL-BL , (AR2)=BL",,,0,0,0,0,0,0,0,0,0,1,0,0,0,1,0,0,1,0,0,0,0,1,0,0,0,0,0,1,0,1,0,0,,6
MIMD,115,"RH=AH+BH , RL=AL-BL , (AR2)=RH",,,0,0,0,0,0,0,0,0,0,1,0,0,0,0,0,1,0,0,0,0,0,1,0,1,0,0,0,1,0,1,0,0,,6
MIMD,116,"RH=AH+BH , RL=AL-BL , (AR2)=RL",,,0,0,0,0,0,0,0,0,0,1,0,0,0,0,0,0,1,0,0,0,0,1,0,0,1,0,0,1,0,1,0,0,,6
MIMD,117,"RH=AH+BH , RL=AL-BL , (AR1)=AH , AR2++",,,0,1,0,0,0,0,1,1,0,0,0,0,0,0,0,1,0,0,0,0,0,1,0,0,0,0,0,1,0,1,0,0,,7
MIMD,118,"RH=AH+BH , RL=AL-BL , (AR1)=AL , AR2++",,,0,0,0,1,0,0,1,1,0,0,0,0,0,0,0,0,1,0,0,0,0,1,0,0,0,0,0,1,0,1,0,0,,7
MIMD,119,"RH=AH+BH , RL=AL-BL , (AR1)=BH , AR2++",,,0,0,0,0,0,0,1,1,0,0,0,1,0,0,0,1,0,0,0,0,0,1,0,0,0,0,0,1,0,1,0,0,,7
MIMD,120,"RH=AH+BH , RL=AL-BL , (AR1)=BL , AR2++",,,0,0,0,0,0,0,1,1,0,0,0,0,0,1,0,0,1,0,0,0,0,1,0,0,0,0,0,1,0,1,0,0,,7
MIMD,121,"RH=AH+BH , RL=AL-BL , (AR1)=RH , AR2++",,,0,0,0,0,0,0,1,1,0,0,0,0,0,0,0,1,0,0,0,0,0,1,0,1,0,0,0,1,0,1,0,0,,7
MIMD,122,"RH=AH+BH , RL=AL-BL , (AR1)=RL , AR2++",,,0,0,0,0,0,0,1,1,0,0,0,0,0,0,0,0,1,0,0,0,0,1,0,0,1,0,0,1,0,1,0,0,,7
MIMD,123,"RH=AH+BH , RL=AL-BL , (AR2)=AH , AR1++",,,0,1,0,0,1,0,0,0,0,1,0,0,0,0,0,1,0,0,0,0,0,1,0,0,0,0,0,1,0,1,0,0,,7
MIMD,124,"RH=AH+BH , RL=AL-BL , (AR2)=AL , AR1++",,,0,0,0,1,1,0,0,0,0,1,0,0,0,0,0,0,1,0,0,0,0,1,0,0,0,0,0,1,0,1,0,0,,7
MIMD,125,"RH=AH+BH , RL=AL-BL , (AR2)=BH , AR1++",,,0,0,0,0,1,0,0,0,0,1,0,1,0,0,0,1,0,0,0,0,0,1,0,0,0,0,0,1,0,1,0,0,,7
MIMD,126,"RH=AH+BH , RL=AL-BL , (AR2)=BL , AR1++",,,0,0,0,0,1,0,0,0,0,1,0,0,0,1,0,0,1,0,0,0,0,1,0,0,0,0,0,1,0,1,0,0,,7
MIMD,127,"RH=AH+BH , RL=AL-BL , (AR2)=RH , AR1++",,,0,0,0,0,1,0,0,0,0,1,0,0,0,0,0,1,0,0,0,0,0,1,0,1,0,0,0,1,0,1,0,0,,7
MIMD,128,"RH=AH+BH , RL=AL-BL , (AR2)=RL , AR1++",,,0,0,0,0,1,0,0,0,0,1,0,0,0,0,0,0,1,0,0,0,0,1,0,0,1,0,0,1,0,1,0,0,,7
MIMD,129,"RH=AH+BH , RL=AL-BL , AR1=A",,,0,1,0,1,0,1,0,0,0,0,0,0,0,0,0,0,0,0,0,0,0,1,0,0,0,0,0,1,0,0,0,0,,5
MIMD,130,"RH=AH+BH , RL=AL-BL , AR1=B",,,0,0,0,0,0,1,0,0,0,0,0,1,0,1,0,0,0,0,0,0,0,1,0,0,0,0,0,1,0,0,0,0,,5
MIMD,131,"RH=AH+BH , RL=AL-BL , AR2=A",,,0,1,0,1,0,0,0,0,1,0,0,0,0,0,0,0,0,0,0,0,0,1,0,0,0,0,0,1,0,0,0,0,,5
MIMD,132,"RH=AH+BH , RL=AL-BL , AR2=B",,,0,0,0,0,0,0,0,0,1,0,0,1,0,1,0,0,0,0,0,0,0,1,0,0,0,0,0,1,0,0,0,0,,5
MIMD,133,"RH=AH+BH , RL=AL-BL , JA=A",,,0,1,0,1,0,0,0,0,0,0,0,0,0,0,0,0,0,0,0,1,1,1,0,0,0,0,0,1,0,0,0,0,,6
MIMD,134,"RH=AH+BH , RL=AL-BL , JA=B",,,0,0,0,0,0,0,0,0,0,0,0,1,0,1,0,0,0,0,0,1,1,1,0,0,0,0,0,1,0,0,0,0,,6
MIMD,135,"RH=AH+BH , RL=AL-BL , JAH=AH",,,0,1,0,0,0,0,0,0,0,0,0,0,0,0,0,0,0,0,0,1,0,1,0,0,0,0,0,1,0,0,0,0,,4
MIMD,136,"RH=AH+BH , RL=AL-BL , JAH=BH",,,0,0,0,0,0,0,0,0,0,0,0,1,0,0,0,0,0,0,0,1,0,1,0,0,0,0,0,1,0,0,0,0,,4
MIMD,137,"RH=AH+BH , RL=AL-BL , JAH=RH",,,0,0,0,0,0,0,0,0,0,0,0,0,0,0,0,0,0,0,0,1,0,1,0,1,0,0,0,1,0,0,0,0,,4
MIMD,138,"RH=AH+BH , RL=AL-BL , JAL=AL",,,0,0,0,1,0,0,0,0,0,0,0,0,0,0,0,0,0,0,0,0,1,1,0,0,0,0,0,1,0,0,0,0,,4
MIMD,139,"RH=AH+BH , RL=AL-BL , JAL=BL",,,0,0,0,0,0,0,0,0,0,0,0,0,0,1,0,0,0,0,0,0,1,1,0,0,0,0,0,1,0,0,0,0,,4
MIMD,140,"RH=AH+BH , RL=AL-BL , JAL=RL",,,0,0,0,0,0,0,0,0,0,0,0,0,0,0,0,0,0,0,0,0,1,1,0,0,1,0,0,1,0,0,0,0,,4
MIMD,141,"RH=AH-BH , RL=AL+BL , JAH=(AR1)",Subtraction and addition in parallel with non-ALU operation,,0,0,0,0,0,0,1,0,0,0,0,0,0,0,1,1,0,0,0,1,0,1,0,0,0,0,1,0,1,0,0,0,,7
MIMD,142,"RH=AH-BH , RL=AL+BL , JAL=(AR1)",,,0,0,0,0,0,0,1,0,0,0,0,0,0,0,1,0,1,0,0,0,1,1,0,0,0,0,1,0,1,0,0,0,,7
MIMD,143,"RH=AH-BH , RL=AL+BL , JAH=(AR2)",,,0,0,0,0,0,0,0,0,0,1,0,0,0,0,1,1,0,0,0,1,0,1,0,0,0,0,1,0,1,0,0,0,,7
MIMD,144,"RH=AH-BH , RL=AL+BL , JAL=(AR2)",,,0,0,0,0,0,0,0,0,0,1,0,0,0,0,1,0,1,0,0,0,1,1,0,0,0,0,1,0,1,0,0,0,,7
MIMD,145,"RH=AH-BH , RL=AL+BL , JAH=(AR1) , AR2++",,,0,0,0,0,0,0,1,1,0,0,0,0,0,0,1,1,0,0,0,1,0,1,0,0,0,0,1,0,1,0,0,0,,8
MIMD,146,"RH=AH-BH , RL=AL+BL , JAL=(AR1) , AR2++",,,0,0,0,0,0,0,1,1,0,0,0,0,0,0,1,0,1,0,0,0,1,1,0,0,0,0,1,0,1,0,0,0,,8
MIMD,147,"RH=AH-BH , RL=AL+BL , JAH=(AR2) , AR1++",,,0,0,0,0,1,0,0,0,0,1,0,0,0,0,1,1,0,0,0,1,0,1,0,0,0,0,1,0,1,0,0,0,,8
MIMD,148,"RH=AH-BH , RL=AL+BL , JAL=(AR2) , AR1++",,,0,0,0,0,1,0,0,0,0,1,0,0,0,0,1,0,1,0,0,0,1,1,0,0,0,0,1,0,1,0,0,0,,8
MIMD,149,"RH=AH-BH , RL=AL+BL , (AR1)=AH",,,0,1,0,0,0,0,1,0,0,0,0,0,0,0,0,1,0,0,0,0,0,1,0,0,0,0,1,0,0,1,0,0,,6
MIMD,150,"RH=AH-BH , RL=AL+BL , (AR1)=AL",,,0,0,0,1,0,0,1,0,0,0,0,0,0,0,0,0,1,0,0,0,0,1,0,0,0,0,1,0,0,1,0,0,,6
MIMD,151,"RH=AH-BH , RL=AL+BL , (AR1)=BH",,,0,0,0,0,0,0,1,0,0,0,0,1,0,0,0,1,0,0,0,0,0,1,0,0,0,0,1,0,0,1,0,0,,6
MIMD,152,"RH=AH-BH , RL=AL+BL , (AR1)=BL",,,0,0,0,0,0,0,1,0,0,0,0,0,0,1,0,0,1,0,0,0,0,1,0,0,0,0,1,0,0,1,0,0,,6
MIMD,153,"RH=AH-BH , RL=AL+BL , (AR1)=RH",,,0,0,0,0,0,0,1,0,0,0,0,0,0,0,0,1,0,0,0,0,0,1,0,1,0,0,1,0,0,1,0,0,,6
MIMD,154,"RH=AH-BH , RL=AL+BL , (AR1)=RL",,,0,0,0,0,0,0,1,0,0,0,0,0,0,0,0,0,1,0,0,0,0,1,0,0,1,0,1,0,0,1,0,0,,6
MIMD,155,"RH=AH-BH , RL=AL+BL , (AR2)=AH",,,0,1,0,0,0,0,0,0,0,1,0,0,0,0,0,1,0,0,0,0,0,1,0,0,0,0,1,0,0,1,0,0,,6
MIMD,156,"RH=AH-BH , RL=AL+BL , (AR2)=AL",,,0,0,0,1,0,0,0,0,0,1,0,0,0,0,0,0,1,0,0,0,0,1,0,0,0,0,1,0,0,1,0,0,,6
MIMD,157,"RH=AH-BH , RL=AL+BL , (AR2)=BH",,,0,0,0,0,0,0,0,0,0,1,0,1,0,0,0,1,0,0,0,0,0,1,0,0,0,0,1,0,0,1,0,0,,6
MIMD,158,"RH=AH-BH , RL=AL+BL , (AR2)=BL",,,0,0,0,0,0,0,0,0,0,1,0,0,0,1,0,0,1,0,0,0,0,1,0,0,0,0,1,0,0,1,0,0,,6
MIMD,159,"RH=AH-BH , RL=AL+BL , (AR2)=RH",,,0,0,0,0,0,0,0,0,0,1,0,0,0,0,0,1,0,0,0,0,0,1,0,1,0,0,1,0,0,1,0,0,,6
MIMD,160,"RH=AH-BH , RL=AL+BL , (AR2)=RL",,,0,0,0,0,0,0,0,0,0,1,0,0,0,0,0,0,1,0,0,0,0,1,0,0,1,0,1,0,0,1,0,0,,6
MIMD,161,"RH=AH-BH , RL=AL+BL , (AR1)=AH , AR2++",,,0,1,0,0,0,0,1,1,0,0,0,0,0,0,0,1,0,0,0,0,0,1,0,0,0,0,1,0,0,1,0,0,,7
MIMD,162,"RH=AH-BH , RL=AL+BL , (AR1)=AL , AR2++",,,0,0,0,1,0,0,1,1,0,0,0,0,0,0,0,0,1,0,0,0,0,1,0,0,0,0,1,0,0,1,0,0,,7
MIMD,163,"RH=AH-BH , RL=AL+BL , (AR1)=BH , AR2++",,,0,0,0,0,0,0,1,1,0,0,0,1,0,0,0,1,0,0,0,0,0,1,0,0,0,0,1,0,0,1,0,0,,7
MIMD,164,"RH=AH-BH , RL=AL+BL , (AR1)=BL , AR2++",,,0,0,0,0,0,0,1,1,0,0,0,0,0,1,0,0,1,0,0,0,0,1,0,0,0,0,1,0,0,1,0,0,,7
MIMD,165,"RH=AH-BH , RL=AL+BL , (AR1)=RH , AR2++",,,0,0,0,0,0,0,1,1,0,0,0,0,0,0,0,1,0,0,0,0,0,1,0,1,0,0,1,0,0,1,0,0,,7
MIMD,166,"RH=AH-BH , RL=AL+BL , (AR1)=RL , AR2++",,,0,0,0,0,0,0,1,1,0,0,0,0,0,0,0,0,1,0,0,0,0,1,0,0,1,0,1,0,0,1,0,0,,7
MIMD,167,"RH=AH-BH , RL=AL+BL , (AR2)=AH , AR1++",,,0,1,0,0,1,0,0,0,0,1,0,0,0,0,0,1,0,0,0,0,0,1,0,0,0,0,1,0,0,1,0,0,,7
MIMD,168,"RH=AH-BH , RL=AL+BL , (AR2)=AL , AR1++",,,0,0,0,1,1,0,0,0,0,1,0,0,0,0,0,0,1,0,0,0,0,1,0,0,0,0,1,0,0,1,0,0,,7
MIMD,169,"RH=AH-BH , RL=AL+BL , (AR2)=BH , AR1++",,,0,0,0,0,1,0,0,0,0,1,0,1,0,0,0,1,0,0,0,0,0,1,0,0,0,0,1,0,0,1,0,0,,7
MIMD,170,"RH=AH-BH , RL=AL+BL , (AR2)=BL , AR1++",,,0,0,0,0,1,0,0,0,0,1,0,0,0,1,0,0,1,0,0,0,0,1,0,0,0,0,1,0,0,1,0,0,,7
MIMD,171,"RH=AH-BH , RL=AL+BL , (AR2)=RH , AR1++",,,0,0,0,0,1,0,0,0,0,1,0,0,0,0,0,1,0,0,0,0,0,1,0,1,0,0,1,0,0,1,0,0,,7
MIMD,172,"RH=AH-BH , RL=AL+BL , (AR2)=RL , AR1++",,,0,0,0,0,1,0,0,0,0,1,0,0,0,0,0,0,1,0,0,0,0,1,0,0,1,0,1,0,0,1,0,0,,7
MIMD,173,"RH=AH-BH , RL=AL+BL , AR1=A",,,0,1,0,1,0,1,0,0,0,0,0,0,0,0,0,0,0,0,0,0,0,1,0,0,0,0,1,0,0,0,0,0,,5
MIMD,174,"RH=AH-BH , RL=AL+BL , AR1=B",,,0,0,0,0,0,1,0,0,0,0,0,1,0,1,0,0,0,0,0,0,0,1,0,0,0,0,1,0,0,0,0,0,,5
MIMD,175,"RH=AH-BH , RL=AL+BL , AR2=A",,,0,1,0,1,0,0,0,0,1,0,0,0,0,0,0,0,0,0,0,0,0,1,0,0,0,0,1,0,0,0,0,0,,5
MIMD,176,"RH=AH-BH , RL=AL+BL , AR2=B",,,0,0,0,0,0,0,0,0,1,0,0,1,0,1,0,0,0,0,0,0,0,1,0,0,0,0,1,0,0,0,0,0,,5
MIMD,177,"RH=AH-BH , RL=AL+BL , JA=A",,,0,1,0,1,0,0,0,0,0,0,0,0,0,0,0,0,0,0,0,1,1,1,0,0,0,0,1,0,0,0,0,0,,6
MIMD,178,"RH=AH-BH , RL=AL+BL , JA=B",,,0,0,0,0,0,0,0,0,0,0,0,1,0,1,0,0,0,0,0,1,1,1,0,0,0,0,1,0,0,0,0,0,,6
MIMD,179,"RH=AH-BH , RL=AL+BL , JAH=AH",,,0,1,0,0,0,0,0,0,0,0,0,0,0,0,0,0,0,0,0,1,0,1,0,0,0,0,1,0,0,0,0,0,,4
MIMD,180,"RH=AH-BH , RL=AL+BL , JAH=BH",,,0,0,0,0,0,0,0,0,0,0,0,1,0,0,0,0,0,0,0,1,0,1,0,0,0,0,1,0,0,0,0,0,,4
MIMD,181,"RH=AH-BH , RL=AL+BL , JAH=RH",,,0,0,0,0,0,0,0,0,0,0,0,0,0,0,0,0,0,0,0,1,0,1,0,1,0,0,1,0,0,0,0,0,,4
MIMD,182,"RH=AH-BH , RL=AL+BL , JAL=AL",,,0,0,0,1,0,0,0,0,0,0,0,0,0,0,0,0,0,0,0,0,1,1,0,0,0,0,1,0,0,0,0,0,,4
MIMD,183,"RH=AH-BH , RL=AL+BL , JAL=BL",,,0,0,0,0,0,0,0,0,0,0,0,0,0,1,0,0,0,0,0,0,1,1,0,0,0,0,1,0,0,0,0,0,,4
MIMD,184,"RH=AH-BH , RL=AL+BL , JAL=RL",,,0,0,0,0,0,0,0,0,0,0,0,0,0,0,0,0,0,0,0,0,1,1,0,0,1,0,1,0,0,0,0,0,,4
CTRL,185,CIMF (Clear Incoming-Mail Flag),,,,,,0,0,0,0,0,0,0,0,0,0,0,0,0,0,0,0,0,0,1,0,0,0,0,0,0,0,0,1,0,,2
CTRL,186,SOMF (Set Outgoing-Mail Flag),,,,,,0,0,0,0,0,0,0,0,0,0,0,0,0,0,0,0,0,0,1,0,0,0,0,0,0,0,0,0,1,,2
,,,,,,,,,,,,,,,,,,,,,,,,,,,,,,,,,,,,,,
,Deliberate gap in opcode numbering,,,,,,,,,,,,,,,,,,,,,,,,,,,,,,,,,,,,,
,,,,,,,,,,,,,,,,,,,,,,,,,,,,,,,,,,,,,,
CTRL,239,JP (JumP),Unconditional jump to address in JA,,0,0,0,0,0,0,0,0,0,0,0,0,0,0,0,0,0,0,0,0,0,1,1,0,0,0,0,0,0,0,0,0,,2
CTRL,240,JZH (Jump on Zero-High),Conditional jump to address in JA if zero-flag-high is high,,0,0,0,0,0,0,0,0,0,0,0,0,0,0,0,0,0,0,0,0,0,1,1,0,0,0,0,0,0,0,0,0,,2
CTRL,241,JZL (Jump on Zero-Low),Conditional jump to address in JA if zero-flag-low is high,,0,0,0,0,0,0,0,0,0,0,0,0,0,0,0,0,0,0,0,0,0,1,1,0,0,0,0,0,0,0,0,0,,2
CTRL,242,JSH (Jump on Sign-High),Conditional jump to address in JA if sign-flag-high is high,,0,0,0,0,0,0,0,0,0,0,0,0,0,0,0,0,0,0,0,0,0,1,1,0,0,0,0,0,0,0,0,0,,2
CTRL,243,JSL (Jump on Sign-Low),Conditional jump to address in JA if sign-flag-low is high,,0,0,0,0,0,0,0,0,0,0,0,0,0,0,0,0,0,0,0,0,0,1,1,0,0,0,0,0,0,0,0,0,,2
CTRL,244,JCH (Jump on Carry-High),Conditional jump to address in JA if carry-flag-high is high,,0,0,0,0,0,0,0,0,0,0,0,0,0,0,0,0,0,0,0,0,0,1,1,0,0,0,0,0,0,0,0,0,,2
CTRL,245,JCL (Jump on Carry-Low),Conditional jump to address in JA if carry-flag-low is high,,0,0,0,0,0,0,0,0,0,0,0,0,0,0,0,0,0,0,0,0,0,1,1,0,0,0,0,0,0,0,0,0,,2
CTRL,246,JNZH (Jump on Not Zero-High),Conditional jump to address in JA if zero-flag-high is low,,0,0,0,0,0,0,0,0,0,0,0,0,0,0,0,0,0,0,0,0,0,1,1,0,0,0,0,0,0,0,0,0,,2
CTRL,247,JNZL (Jump on Not Zero-Low),Conditional jump to address in JA if zero-flag-low is low,,0,0,0,0,0,0,0,0,0,0,0,0,0,0,0,0,0,0,0,0,0,1,1,0,0,0,0,0,0,0,0,0,,2
CTRL,248,JNSH (Jump on Not Sign-High),Conditional jump to address in JA if sign-flag-high is low,,0,0,0,0,0,0,0,0,0,0,0,0,0,0,0,0,0,0,0,0,0,1,1,0,0,0,0,0,0,0,0,0,,2
CTRL,249,JNSL (Jump on Not Sign-Low),Conditional jump to address in JA if sign-flag-low is low,,0,0,0,0,0,0,0,0,0,0,0,0,0,0,0,0,0,0,0,0,0,1,1,0,0,0,0,0,0,0,0,0,,2
CTRL,250,JNCH (Jump on Not Carry-High),Conditional jump to address in JA if carry-flag-high is low,,0,0,0,0,0,0,0,0,0,0,0,0,0,0,0,0,0,0,0,0,0,1,1,0,0,0,0,0,0,0,0,0,,2
CTRL,251,JNCL (Jump on Not Carry-Low),Conditional jump to address in JA if carry-flag-low is low,,0,0,0,0,0,0,0,0,0,0,0,0,0,0,0,0,0,0,0,0,0,1,1,0,0,0,0,0,0,0,0,0,,2
CTRL,252,JIM (Jump on Incoming-Mail),Conditional jump to address in JA if incoming-mail-flag is high,,0,0,0,0,0,0,0,0,0,0,0,0,0,0,0,0,0,0,0,0,0,1,1,0,0,0,0,0,0,0,0,0,,2
CTRL,253,JOM (Jump on Outgoing-Mail),Conditional jump to address in JA if outgoing-mail-flag is high,,0,0,0,0,0,0,0,0,0,0,0,0,0,0,0,0,0,0,0,0,0,1,1,0,0,0,0,0,0,0,0,0,,2
CTRL,254,JNIM (Jump on Not Incoming-Mail),Conditional jump to address in JA if incoming-mail-flag is low,,0,0,0,0,0,0,0,0,0,0,0,0,0,0,0,0,0,0,0,0,0,1,1,0,0,0,0,0,0,0,0,0,,2
CTRL,255,JNOM (Jump on Not Outgoing-Mail),Conditional jump to address in JA if outgoing-mail-flag is low,,0,0,0,0,0,0,0,0,0,0,0,0,0,0,0,0,0,0,0,0,0,1,1,0,0,0,0,0,0,0,0,0,,2
,,,,,,,,,,,,,,,,,,,,,,,,,,,,,,,,,,,,,,
,Pseudo-instructions,,,,,,,,,,,,,,,,,,,,,,,,,,,,,,,,,,,,,
SIMD,0,"RH=AH+BH , RL=AL+BL",Addition(s),,,,,,,,,,,,,,,,,,,,,,,,,,,,,,,,,,,
SIMD,0,RH=AH+BH,,,,,,,,,,,,,,,,,,,,,,,,,,,,,,,,,,,,
SIMD,0,           RL=AL+BL,,,,,,,,,,,,,,,,,,,,,,,,,,,,,,,,,,,,
MIMD,7,"RL=AL+BL , AH=(AR1)",Addtion(s) in paralel with non-ALU operation(s),,,,,,,,,,,,,,,,,,,,,,,,,,,,,,,,,,,
MIMD,8,"RH=AH+BH , AL=(AR1)",,,,,,,,,,,,,,,,,,,,,,,,,,,,,,,,,,,,
MIMD,9,"RL=AL+BL , BH=(AR1)",,,,,,,,,,,,,,,,,,,,,,,,,,,,,,,,,,,,
MIMD,10,"RH=AH+BH , BL=(AR1)",,,,,,,,,,,,,,,,,,,,,,,,,,,,,,,,,,,,
MIMD,11,"RH=AH+BH , RL=AL+BL , JAH=(AR1)",,,,,,,,,,,,,,,,,,,,,,,,,,,,,,,,,,,,
MIMD,11,"RH=AH+BH ,            JAH=(AR1)",,,,,,,,,,,,,,,,,,,,,,,,,,,,,,,,,,,,
MIMD,11,"           RL=AL+BL , JAH=(AR1)",,,,,,,,,,,,,,,,,,,,,,,,,,,,,,,,,,,,
MIMD,12,"RH=AH+BH , RL=AL+BL , JAL=(AR1)",,,,,,,,,,,,,,,,,,,,,,,,,,,,,,,,,,,,
MIMD,12,"RH=AH+BH ,            JAL=(AR1)",,,,,,,,,,,,,,,,,,,,,,,,,,,,,,,,,,,,
MIMD,12,"           RL=AL+BL , JAL=(AR1)",,,,,,,,,,,,,,,,,,,,,,,,,,,,,,,,,,,,
MIMD,13,"RL=AL+BL , AH=(AR2)",,,,,,,,,,,,,,,,,,,,,,,,,,,,,,,,,,,,
MIMD,14,"RH=AH+BH , AL=(AR2)",,,,,,,,,,,,,,,,,,,,,,,,,,,,,,,,,,,,
MIMD,15,"RL=AL+BL , BH=(AR2)",,,,,,,,,,,,,,,,,,,,,,,,,,,,,,,,,,,,
MIMD,16,"RH=AH+BH , BL=(AR2)",,,,,,,,,,,,,,,,,,,,,,,,,,,,,,,,,,,,
MIMD,17,"RH=AH+BH , RL=AL+BL , JAH=(AR2)",,,,,,,,,,,,,,,,,,,,,,,,,,,,,,,,,,,,
MIMD,17,"RH=AH+BH ,            JAH=(AR2)",,,,,,,,,,,,,,,,,,,,,,,,,,,,,,,,,,,,
MIMD,17,"           RL=AL+BL , JAH=(AR2)",,,,,,,,,,,,,,,,,,,,,,,,,,,,,,,,,,,,
MIMD,18,"RH=AH+BH , RL=AL+BL , JAL=(AR2)",,,,,,,,,,,,,,,,,,,,,,,,,,,,,,,,,,,,
MIMD,18,"RH=AH+BH ,            JAL=(AR2)",,,,,,,,,,,,,,,,,,,,,,,,,,,,,,,,,,,,
MIMD,18,"           RL=AL+BL , JAL=(AR2)",,,,,,,,,,,,,,,,,,,,,,,,,,,,,,,,,,,,
MIMD,19,"RL=AL+BL , AH=(AR1++)",,,,,,,,,,,,,,,,,,,,,,,,,,,,,,,,,,,,
MIMD,20,"RH=AH+BH , AL=(AR1++)",,,,,,,,,,,,,,,,,,,,,,,,,,,,,,,,,,,,
MIMD,21,"RL=AL+BL , BH=(AR1++)",,,,,,,,,,,,,,,,,,,,,,,,,,,,,,,,,,,,
MIMD,22,"RH=AH+BH , BL=(AR1++)",,,,,,,,,,,,,,,,,,,,,,,,,,,,,,,,,,,,
MIMD,23,"RH=AH+BH , RL=AL+BL , JAH=(AR1) , AR2++",,,,,,,,,,,,,,,,,,,,,,,,,,,,,,,,,,,,
MIMD,23,"RH=AH+BH ,            JAH=(AR1) , AR2++",,,,,,,,,,,,,,,,,,,,,,,,,,,,,,,,,,,,
MIMD,23,"           RL=AL+BL , JAH=(AR1) , AR2++",,,,,,,,,,,,,,,,,,,,,,,,,,,,,,,,,,,,
MIMD,24,"RH=AH+BH , RL=AL+BL , JAL=(AR1) , AR2++",,,,,,,,,,,,,,,,,,,,,,,,,,,,,,,,,,,,
MIMD,24,"RH=AH+BH ,            JAL=(AR1) , AR2++",,,,,,,,,,,,,,,,,,,,,,,,,,,,,,,,,,,,
MIMD,24,"           RL=AL+BL , JAL=(AR1) , AR2++",,,,,,,,,,,,,,,,,,,,,,,,,,,,,,,,,,,,
MIMD,25,"RL=AL+BL , AH=(AR2++)",,,,,,,,,,,,,,,,,,,,,,,,,,,,,,,,,,,,
MIMD,26,"RH=AH+BH , AL=(AR2++)",,,,,,,,,,,,,,,,,,,,,,,,,,,,,,,,,,,,
MIMD,27,"RL=AL+BL , BH=(AR2++)",,,,,,,,,,,,,,,,,,,,,,,,,,,,,,,,,,,,
MIMD,28,"RH=AH+BH , BL=(AR2++)",,,,,,,,,,,,,,,,,,,,,,,,,,,,,,,,,,,,
MIMD,29,"RH=AH+BH , RL=AL+BL , JAH=(AR2) , AR1++",,,,,,,,,,,,,,,,,,,,,,,,,,,,,,,,,,,,
MIMD,29,"RH=AH+BH ,            JAH=(AR2) , AR1++",,,,,,,,,,,,,,,,,,,,,,,,,,,,,,,,,,,,
MIMD,29,"           RL=AL+BL , JAH=(AR2) , AR1++",,,,,,,,,,,,,,,,,,,,,,,,,,,,,,,,,,,,
MIMD,30,"RH=AH+BH , RL=AL+BL , JAL=(AR2) , AR1++",,,,,,,,,,,,,,,,,,,,,,,,,,,,,,,,,,,,
MIMD,30,"RH=AH+BH ,            JAL=(AR2) , AR1++",,,,,,,,,,,,,,,,,,,,,,,,,,,,,,,,,,,,
MIMD,30,"           RL=AL+BL , JAL=(AR2) , AR1++",,,,,,,,,,,,,,,,,,,,,,,,,,,,,,,,,,,,
MIMD,31,"RH=AH+BH , RL=AL+BL , (AR1)=AH",,,,,,,,,,,,,,,,,,,,,,,,,,,,,,,,,,,,
MIMD,31,"RH=AH+BH ,            (AR1)=AH",,,,,,,,,,,,,,,,,,,,,,,,,,,,,,,,,,,,
MIMD,31,"           RL=AL+BL , (AR1)=AH",,,,,,,,,,,,,,,,,,,,,,,,,,,,,,,,,,,,
MIMD,32,"RH=AH+BH , RL=AL+BL , (AR1)=AL",,,,,,,,,,,,,,,,,,,,,,,,,,,,,,,,,,,,
MIMD,32,"RH=AH+BH ,            (AR1)=AL",,,,,,,,,,,,,,,,,,,,,,,,,,,,,,,,,,,,
MIMD,32,"           RL=AL+BL , (AR1)=AL",,,,,,,,,,,,,,,,,,,,,,,,,,,,,,,,,,,,
MIMD,33,"RH=AH+BH , RL=AL+BL , (AR1)=BH",,,,,,,,,,,,,,,,,,,,,,,,,,,,,,,,,,,,
MIMD,33,"RH=AH+BH ,            (AR1)=BH",,,,,,,,,,,,,,,,,,,,,,,,,,,,,,,,,,,,
MIMD,33,"           RL=AL+BL , (AR1)=BH",,,,,,,,,,,,,,,,,,,,,,,,,,,,,,,,,,,,
MIMD,34,"RH=AH+BH , RL=AL+BL , (AR1)=BL",,,,,,,,,,,,,,,,,,,,,,,,,,,,,,,,,,,,
MIMD,34,"RH=AH+BH ,            (AR1)=BL",,,,,,,,,,,,,,,,,,,,,,,,,,,,,,,,,,,,
MIMD,34,"           RL=AL+BL , (AR1)=BL",,,,,,,,,,,,,,,,,,,,,,,,,,,,,,,,,,,,
MIMD,35,"RH=AH+BH , RL=AL+BL , (AR1)=RH",,,,,,,,,,,,,,,,,,,,,,,,,,,,,,,,,,,,
MIMD,35,"RH=AH+BH ,            (AR1)=RH",,,,,,,,,,,,,,,,,,,,,,,,,,,,,,,,,,,,
MIMD,35,"           RL=AL+BL , (AR1)=RH",,,,,,,,,,,,,,,,,,,,,,,,,,,,,,,,,,,,
MIMD,36,"RH=AH+BH , RL=AL+BL , (AR1)=RL",,,,,,,,,,,,,,,,,,,,,,,,,,,,,,,,,,,,
MIMD,36,"RH=AH+BH ,            (AR1)=RL",,,,,,,,,,,,,,,,,,,,,,,,,,,,,,,,,,,,
MIMD,36,"           RL=AL+BL , (AR1)=RL",,,,,,,,,,,,,,,,,,,,,,,,,,,,,,,,,,,,
MIMD,37,"RH=AH+BH , RL=AL+BL , (AR2)=AH",,,,,,,,,,,,,,,,,,,,,,,,,,,,,,,,,,,,
MIMD,37,"RH=AH+BH ,            (AR2)=AH",,,,,,,,,,,,,,,,,,,,,,,,,,,,,,,,,,,,
MIMD,37,"           RL=AL+BL , (AR2)=AH",,,,,,,,,,,,,,,,,,,,,,,,,,,,,,,,,,,,
MIMD,38,"RH=AH+BH , RL=AL+BL , (AR2)=AL",,,,,,,,,,,,,,,,,,,,,,,,,,,,,,,,,,,,
MIMD,38,"RH=AH+BH ,            (AR2)=AL",,,,,,,,,,,,,,,,,,,,,,,,,,,,,,,,,,,,
MIMD,38,"           RL=AL+BL , (AR2)=AL",,,,,,,,,,,,,,,,,,,,,,,,,,,,,,,,,,,,
MIMD,39,"RH=AH+BH , RL=AL+BL , (AR2)=BH",,,,,,,,,,,,,,,,,,,,,,,,,,,,,,,,,,,,
MIMD,39,"RH=AH+BH ,            (AR2)=BH",,,,,,,,,,,,,,,,,,,,,,,,,,,,,,,,,,,,
MIMD,39,"           RL=AL+BL , (AR2)=BH",,,,,,,,,,,,,,,,,,,,,,,,,,,,,,,,,,,,
MIMD,40,"RH=AH+BH , RL=AL+BL , (AR2)=BL",,,,,,,,,,,,,,,,,,,,,,,,,,,,,,,,,,,,
MIMD,40,"RH=AH+BH ,            (AR2)=BL",,,,,,,,,,,,,,,,,,,,,,,,,,,,,,,,,,,,
MIMD,40,"           RL=AL+BL , (AR2)=BL",,,,,,,,,,,,,,,,,,,,,,,,,,,,,,,,,,,,
MIMD,41,"RH=AH+BH , RL=AL+BL , (AR2)=RH",,,,,,,,,,,,,,,,,,,,,,,,,,,,,,,,,,,,
MIMD,41,"RH=AH+BH ,            (AR2)=RH",,,,,,,,,,,,,,,,,,,,,,,,,,,,,,,,,,,,
MIMD,41,"           RL=AL+BL , (AR2)=RH",,,,,,,,,,,,,,,,,,,,,,,,,,,,,,,,,,,,
MIMD,42,"RH=AH+BH , RL=AL+BL , (AR2)=RL",,,,,,,,,,,,,,,,,,,,,,,,,,,,,,,,,,,,
MIMD,42,"RH=AH+BH ,            (AR2)=RL",,,,,,,,,,,,,,,,,,,,,,,,,,,,,,,,,,,,
MIMD,42,"           RL=AL+BL , (AR2)=RL",,,,,,,,,,,,,,,,,,,,,,,,,,,,,,,,,,,,
MIMD,43,"RH=AH+BH , RL=AL+BL , (AR1)=AH , AR2++",,,,,,,,,,,,,,,,,,,,,,,,,,,,,,,,,,,,
MIMD,43,"RH=AH+BH ,            (AR1)=AH , AR2++",,,,,,,,,,,,,,,,,,,,,,,,,,,,,,,,,,,,
MIMD,43,"           RL=AL+BL , (AR1)=AH , AR2++",,,,,,,,,,,,,,,,,,,,,,,,,,,,,,,,,,,,
MIMD,44,"RH=AH+BH , RL=AL+BL , (AR1)=AL , AR2++",,,,,,,,,,,,,,,,,,,,,,,,,,,,,,,,,,,,
MIMD,44,"RH=AH+BH ,            (AR1)=AL , AR2++",,,,,,,,,,,,,,,,,,,,,,,,,,,,,,,,,,,,
MIMD,44,"           RL=AL+BL , (AR1)=AL , AR2++",,,,,,,,,,,,,,,,,,,,,,,,,,,,,,,,,,,,
MIMD,45,"RH=AH+BH , RL=AL+BL , (AR1)=BH , AR2++",,,,,,,,,,,,,,,,,,,,,,,,,,,,,,,,,,,,
MIMD,45,"RH=AH+BH ,            (AR1)=BH , AR2++",,,,,,,,,,,,,,,,,,,,,,,,,,,,,,,,,,,,
MIMD,45,"           RL=AL+BL , (AR1)=BH , AR2++",,,,,,,,,,,,,,,,,,,,,,,,,,,,,,,,,,,,
MIMD,46,"RH=AH+BH , RL=AL+BL , (AR1)=BL , AR2++",,,,,,,,,,,,,,,,,,,,,,,,,,,,,,,,,,,,
MIMD,46,"RH=AH+BH ,            (AR1)=BL , AR2++",,,,,,,,,,,,,,,,,,,,,,,,,,,,,,,,,,,,
MIMD,46,"           RL=AL+BL , (AR1)=BL , AR2++",,,,,,,,,,,,,,,,,,,,,,,,,,,,,,,,,,,,
MIMD,47,"RH=AH+BH , RL=AL+BL , (AR1)=RH , AR2++",,,,,,,,,,,,,,,,,,,,,,,,,,,,,,,,,,,,
MIMD,47,"RH=AH+BH ,            (AR1)=RH , AR2++",,,,,,,,,,,,,,,,,,,,,,,,,,,,,,,,,,,,
MIMD,47,"           RL=AL+BL , (AR1)=RH , AR2++",,,,,,,,,,,,,,,,,,,,,,,,,,,,,,,,,,,,
MIMD,48,"RH=AH+BH , RL=AL+BL , (AR1)=RL , AR2++",,,,,,,,,,,,,,,,,,,,,,,,,,,,,,,,,,,,
MIMD,48,"RH=AH+BH ,            (AR1)=RL , AR2++",,,,,,,,,,,,,,,,,,,,,,,,,,,,,,,,,,,,
MIMD,48,"           RL=AL+BL , (AR1)=RL , AR2++",,,,,,,,,,,,,,,,,,,,,,,,,,,,,,,,,,,,
MIMD,49,"RH=AH+BH , RL=AL+BL , (AR2)=AH , AR1++",,,,,,,,,,,,,,,,,,,,,,,,,,,,,,,,,,,,
MIMD,49,"RH=AH+BH ,            (AR2)=AH , AR1++",,,,,,,,,,,,,,,,,,,,,,,,,,,,,,,,,,,,
MIMD,49,"           RL=AL+BL , (AR2)=AH , AR1++",,,,,,,,,,,,,,,,,,,,,,,,,,,,,,,,,,,,
MIMD,50,"RH=AH+BH , RL=AL+BL , (AR2)=AL , AR1++",,,,,,,,,,,,,,,,,,,,,,,,,,,,,,,,,,,,
MIMD,50,"RH=AH+BH ,            (AR2)=AL , AR1++",,,,,,,,,,,,,,,,,,,,,,,,,,,,,,,,,,,,
MIMD,50,"           RL=AL+BL , (AR2)=AL , AR1++",,,,,,,,,,,,,,,,,,,,,,,,,,,,,,,,,,,,
MIMD,51,"RH=AH+BH , RL=AL+BL , (AR2)=BH , AR1++",,,,,,,,,,,,,,,,,,,,,,,,,,,,,,,,,,,,
MIMD,51,"RH=AH+BH ,            (AR2)=BH , AR1++",,,,,,,,,,,,,,,,,,,,,,,,,,,,,,,,,,,,
MIMD,51,"           RL=AL+BL , (AR2)=BH , AR1++",,,,,,,,,,,,,,,,,,,,,,,,,,,,,,,,,,,,
MIMD,52,"RH=AH+BH , RL=AL+BL , (AR2)=BL , AR1++",,,,,,,,,,,,,,,,,,,,,,,,,,,,,,,,,,,,
MIMD,52,"RH=AH+BH ,            (AR2)=BL , AR1++",,,,,,,,,,,,,,,,,,,,,,,,,,,,,,,,,,,,
MIMD,52,"           RL=AL+BL , (AR2)=BL , AR1++",,,,,,,,,,,,,,,,,,,,,,,,,,,,,,,,,,,,
MIMD,53,"RH=AH+BH , RL=AL+BL , (AR2)=RH , AR1++",,,,,,,,,,,,,,,,,,,,,,,,,,,,,,,,,,,,
MIMD,53,"RH=AH+BH ,            (AR2)=RH , AR1++",,,,,,,,,,,,,,,,,,,,,,,,,,,,,,,,,,,,
MIMD,53,"           RL=AL+BL , (AR2)=RH , AR1++",,,,,,,,,,,,,,,,,,,,,,,,,,,,,,,,,,,,
MIMD,54,"RH=AH+BH , RL=AL+BL , (AR2)=RL , AR1++",,,,,,,,,,,,,,,,,,,,,,,,,,,,,,,,,,,,
MIMD,54,"RH=AH+BH ,            (AR2)=RL , AR1++",,,,,,,,,,,,,,,,,,,,,,,,,,,,,,,,,,,,
MIMD,54,"           RL=AL+BL , (AR2)=RL , AR1++",,,,,,,,,,,,,,,,,,,,,,,,,,,,,,,,,,,,
MIMD,59,"RH=AH+BH , RL=AL+BL , AR1=A",,,,,,,,,,,,,,,,,,,,,,,,,,,,,,,,,,,,
MIMD,59,"RH=AH+BH ,            AR1=A",,,,,,,,,,,,,,,,,,,,,,,,,,,,,,,,,,,,
MIMD,59,"           RL=AL+BL , AR1=A",,,,,,,,,,,,,,,,,,,,,,,,,,,,,,,,,,,,
MIMD,60,"RH=AH+BH , RL=AL+BL , AR1=B",,,,,,,,,,,,,,,,,,,,,,,,,,,,,,,,,,,,
MIMD,60,"RH=AH+BH ,            AR1=B",,,,,,,,,,,,,,,,,,,,,,,,,,,,,,,,,,,,
MIMD,60,"           RL=AL+BL , AR1=B",,,,,,,,,,,,,,,,,,,,,,,,,,,,,,,,,,,,
MIMD,62,"RH=AH+BH , RL=AL+BL , AR2=A",,,,,,,,,,,,,,,,,,,,,,,,,,,,,,,,,,,,
MIMD,62,"RH=AH+BH ,            AR2=A",,,,,,,,,,,,,,,,,,,,,,,,,,,,,,,,,,,,
MIMD,62,"           RL=AL+BL , AR2=A",,,,,,,,,,,,,,,,,,,,,,,,,,,,,,,,,,,,
MIMD,63,"RH=AH+BH , RL=AL+BL , AR2=B",,,,,,,,,,,,,,,,,,,,,,,,,,,,,,,,,,,,
MIMD,63,"RH=AH+BH ,            AR2=B",,,,,,,,,,,,,,,,,,,,,,,,,,,,,,,,,,,,
MIMD,63,"           RL=AL+BL , AR2=B",,,,,,,,,,,,,,,,,,,,,,,,,,,,,,,,,,,,
MIMD,65,"RH=AH+BH , RL=AL+BL , JA=A",,,,,,,,,,,,,,,,,,,,,,,,,,,,,,,,,,,,
MIMD,65,"RH=AH+BH ,            JA=A",,,,,,,,,,,,,,,,,,,,,,,,,,,,,,,,,,,,
MIMD,65,"           RL=AL+BL , JA=A",,,,,,,,,,,,,,,,,,,,,,,,,,,,,,,,,,,,
MIMD,66,"RH=AH+BH , RL=AL+BL , JA=B",,,,,,,,,,,,,,,,,,,,,,,,,,,,,,,,,,,,
MIMD,66,"RH=AH+BH ,            JA=B",,,,,,,,,,,,,,,,,,,,,,,,,,,,,,,,,,,,
MIMD,66,"           RL=AL+BL , JA=B",,,,,,,,,,,,,,,,,,,,,,,,,,,,,,,,,,,,
MIMD,68,"RL=AL+BL , AH=BH",,,,,,,,,,,,,,,,,,,,,,,,,,,,,,,,,,,,
MIMD,69,"RL=AL+BL , AH=RH",,,,,,,,,,,,,,,,,,,,,,,,,,,,,,,,,,,,
MIMD,70,"RL=AL+BL , BH=AH",,,,,,,,,,,,,,,,,,,,,,,,,,,,,,,,,,,,
MIMD,71,"RL=AL+BL , BH=RH",,,,,,,,,,,,,,,,,,,,,,,,,,,,,,,,,,,,
MIMD,72,"RH=AH+BH , RL=AL+BL , JAH=AH",,,,,,,,,,,,,,,,,,,,,,,,,,,,,,,,,,,,
MIMD,72,"RH=AH+BH ,            JAH=AH",,,,,,,,,,,,,,,,,,,,,,,,,,,,,,,,,,,,
MIMD,72,"           RL=AL+BL , JAH=AH",,,,,,,,,,,,,,,,,,,,,,,,,,,,,,,,,,,,
MIMD,73,"RH=AH+BH , RL=AL+BL , JAH=BH",,,,,,,,,,,,,,,,,,,,,,,,,,,,,,,,,,,,
MIMD,73,"RH=AH+BH ,            JAH=BH",,,,,,,,,,,,,,,,,,,,,,,,,,,,,,,,,,,,
MIMD,73,"           RL=AL+BL , JAH=BH",,,,,,,,,,,,,,,,,,,,,,,,,,,,,,,,,,,,
MIMD,74,"RH=AH+BH , RL=AL+BL , JAH=RH",,,,,,,,,,,,,,,,,,,,,,,,,,,,,,,,,,,,
MIMD,74,"RH=AH+BH ,            JAH=RH",,,,,,,,,,,,,,,,,,,,,,,,,,,,,,,,,,,,
MIMD,74,"           RL=AL+BL , JAH=RH",,,,,,,,,,,,,,,,,,,,,,,,,,,,,,,,,,,,
MIMD,75,"RH=AH+BH , AL=BL",,,,,,,,,,,,,,,,,,,,,,,,,,,,,,,,,,,,
MIMD,76,"RH=AH+BH , AL=RL",,,,,,,,,,,,,,,,,,,,,,,,,,,,,,,,,,,,
MIMD,77,"RH=AH+BH , BL=AL",,,,,,,,,,,,,,,,,,,,,,,,,,,,,,,,,,,,
MIMD,78,"RH=AH+BH , BL=RL",,,,,,,,,,,,,,,,,,,,,,,,,,,,,,,,,,,,
MIMD,79,"RH=AH+BH , RL=AL+BL , JAL=AL",,,,,,,,,,,,,,,,,,,,,,,,,,,,,,,,,,,,
MIMD,79,"RH=AH+BH ,            JAL=AL",,,,,,,,,,,,,,,,,,,,,,,,,,,,,,,,,,,,
MIMD,79,"           RL=AL+BL , JAL=AL",,,,,,,,,,,,,,,,,,,,,,,,,,,,,,,,,,,,
MIMD,80,"RH=AH+BH , RL=AL+BL , JAL=BL",,,,,,,,,,,,,,,,,,,,,,,,,,,,,,,,,,,,
MIMD,80,"RH=AH+BH ,            JAL=BL",,,,,,,,,,,,,,,,,,,,,,,,,,,,,,,,,,,,
MIMD,80,"           RL=AL+BL , JAL=BL",,,,,,,,,,,,,,,,,,,,,,,,,,,,,,,,,,,,
MIMD,81,"RH=AH+BH , RL=AL+BL , JAL=RL",,,,,,,,,,,,,,,,,,,,,,,,,,,,,,,,,,,,
MIMD,81,"RH=AH+BH ,            JAL=RL",,,,,,,,,,,,,,,,,,,,,,,,,,,,,,,,,,,,
MIMD,81,"           RL=AL+BL , JAL=RL",,,,,,,,,,,,,,,,,,,,,,,,,,,,,,,,,,,,
MIMD,97,"RL=AL-BL , JAH=(AR1)",Subtraction on low-bus in parallel with non-ALU operation,,,,,,,,,,,,,,,,,,,,,,,,,,,,,,,,,,,
MIMD,98,"RL=AL-BL , JAL=(AR1)",,,,,,,,,,,,,,,,,,,,,,,,,,,,,,,,,,,,
MIMD,99,"RL=AL-BL , JAH=(AR2)",,,,,,,,,,,,,,,,,,,,,,,,,,,,,,,,,,,,
MIMD,100,"RL=AL-BL , JAL=(AR2)",,,,,,,,,,,,,,,,,,,,,,,,,,,,,,,,,,,,
MIMD,101,"RL=AL-BL , JAH=(AR1) , AR2++",,,,,,,,,,,,,,,,,,,,,,,,,,,,,,,,,,,,
MIMD,102,"RL=AL-BL , JAL=(AR1) , AR2++",,,,,,,,,,,,,,,,,,,,,,,,,,,,,,,,,,,,
MIMD,103,"RL=AL-BL , JAH=(AR2) , AR1++",,,,,,,,,,,,,,,,,,,,,,,,,,,,,,,,,,,,
MIMD,104,"RL=AL-BL , JAL=(AR2) , AR1++",,,,,,,,,,,,,,,,,,,,,,,,,,,,,,,,,,,,
MIMD,105,"RL=AL-BL , (AR1)=AH",,,,,,,,,,,,,,,,,,,,,,,,,,,,,,,,,,,,
MIMD,106,"RL=AL-BL , (AR1)=AL",,,,,,,,,,,,,,,,,,,,,,,,,,,,,,,,,,,,
MIMD,107,"RL=AL-BL , (AR1)=BH",,,,,,,,,,,,,,,,,,,,,,,,,,,,,,,,,,,,
MIMD,108,"RL=AL-BL , (AR1)=BL",,,,,,,,,,,,,,,,,,,,,,,,,,,,,,,,,,,,
MIMD,109,"RL=AL-BL , (AR1)=RH",,,,,,,,,,,,,,,,,,,,,,,,,,,,,,,,,,,,
MIMD,110,"RL=AL-BL , (AR1)=RL",,,,,,,,,,,,,,,,,,,,,,,,,,,,,,,,,,,,
MIMD,111,"RL=AL-BL , (AR2)=AH",,,,,,,,,,,,,,,,,,,,,,,,,,,,,,,,,,,,
MIMD,112,"RL=AL-BL , (AR2)=AL",,,,,,,,,,,,,,,,,,,,,,,,,,,,,,,,,,,,
MIMD,113,"RL=AL-BL , (AR2)=BH",,,,,,,,,,,,,,,,,,,,,,,,,,,,,,,,,,,,
MIMD,114,"RL=AL-BL , (AR2)=BL",,,,,,,,,,,,,,,,,,,,,,,,,,,,,,,,,,,,
MIMD,115,"RL=AL-BL , (AR2)=RH",,,,,,,,,,,,,,,,,,,,,,,,,,,,,,,,,,,,
MIMD,116,"RL=AL-BL , (AR2)=RL",,,,,,,,,,,,,,,,,,,,,,,,,,,,,,,,,,,,
MIMD,117,"RL=AL-BL , (AR1)=AH , AR2++",,,,,,,,,,,,,,,,,,,,,,,,,,,,,,,,,,,,
MIMD,118,"RL=AL-BL , (AR1)=AL , AR2++",,,,,,,,,,,,,,,,,,,,,,,,,,,,,,,,,,,,
MIMD,119,"RL=AL-BL , (AR1)=BH , AR2++",,,,,,,,,,,,,,,,,,,,,,,,,,,,,,,,,,,,
MIMD,120,"RL=AL-BL , (AR1)=BL , AR2++",,,,,,,,,,,,,,,,,,,,,,,,,,,,,,,,,,,,
MIMD,121,"RL=AL-BL , (AR1)=RH , AR2++",,,,,,,,,,,,,,,,,,,,,,,,,,,,,,,,,,,,
MIMD,122,"RL=AL-BL , (AR1)=RL , AR2++",,,,,,,,,,,,,,,,,,,,,,,,,,,,,,,,,,,,
MIMD,123,"RL=AL-BL , (AR2)=AH , AR1++",,,,,,,,,,,,,,,,,,,,,,,,,,,,,,,,,,,,
MIMD,124,"RL=AL-BL , (AR2)=AL , AR1++",,,,,,,,,,,,,,,,,,,,,,,,,,,,,,,,,,,,
MIMD,125,"RL=AL-BL , (AR2)=BH , AR1++",,,,,,,,,,,,,,,,,,,,,,,,,,,,,,,,,,,,
MIMD,126,"RL=AL-BL , (AR2)=BL , AR1++",,,,,,,,,,,,,,,,,,,,,,,,,,,,,,,,,,,,
MIMD,127,"RL=AL-BL , (AR2)=RH , AR1++",,,,,,,,,,,,,,,,,,,,,,,,,,,,,,,,,,,,
MIMD,128,"RL=AL-BL , (AR2)=RL , AR1++",,,,,,,,,,,,,,,,,,,,,,,,,,,,,,,,,,,,
MIMD,129,"RL=AL-BL , AR1=A",,,,,,,,,,,,,,,,,,,,,,,,,,,,,,,,,,,,
MIMD,130,"RL=AL-BL , AR1=B",,,,,,,,,,,,,,,,,,,,,,,,,,,,,,,,,,,,
MIMD,131,"RL=AL-BL , AR2=A",,,,,,,,,,,,,,,,,,,,,,,,,,,,,,,,,,,,
MIMD,132,"RL=AL-BL , AR2=B",,,,,,,,,,,,,,,,,,,,,,,,,,,,,,,,,,,,
MIMD,133,"RL=AL-BL , JA=A",,,,,,,,,,,,,,,,,,,,,,,,,,,,,,,,,,,,
MIMD,134,"RL=AL-BL , JA=B",,,,,,,,,,,,,,,,,,,,,,,,,,,,,,,,,,,,
MIMD,135,"RL=AL-BL , JAH=AH",,,,,,,,,,,,,,,,,,,,,,,,,,,,,,,,,,,,
MIMD,136,"RL=AL-BL , JAH=BH",,,,,,,,,,,,,,,,,,,,,,,,,,,,,,,,,,,,
MIMD,137,"RL=AL-BL , JAH=RH",,,,,,,,,,,,,,,,,,,,,,,,,,,,,,,,,,,,
MIMD,138,"RL=AL-BL , JAL=AL",,,,,,,,,,,,,,,,,,,,,,,,,,,,,,,,,,,,
MIMD,139,"RL=AL-BL , JAL=BL",,,,,,,,,,,,,,,,,,,,,,,,,,,,,,,,,,,,
MIMD,140,"RL=AL-BL , JAL=RL",,,,,,,,,,,,,,,,,,,,,,,,,,,,,,,,,,,,
MIMD,141,"RH=AH-BH , JAH=(AR1)",Subtraction on high bus in parallel with non-ALU operation,,,,,,,,,,,,,,,,,,,,,,,,,,,,,,,,,,,
MIMD,142,"RH=AH-BH , JAL=(AR1)",,,,,,,,,,,,,,,,,,,,,,,,,,,,,,,,,,,,
MIMD,143,"RH=AH-BH , JAH=(AR2)",,,,,,,,,,,,,,,,,,,,,,,,,,,,,,,,,,,,
MIMD,144,"RH=AH-BH , JAL=(AR2)",,,,,,,,,,,,,,,,,,,,,,,,,,,,,,,,,,,,
MIMD,145,"RH=AH-BH , JAH=(AR1) , AR2++",,,,,,,,,,,,,,,,,,,,,,,,,,,,,,,,,,,,
MIMD,146,"RH=AH-BH , JAL=(AR1) , AR2++",,,,,,,,,,,,,,,,,,,,,,,,,,,,,,,,,,,,
MIMD,147,"RH=AH-BH , JAH=(AR2) , AR1++",,,,,,,,,,,,,,,,,,,,,,,,,,,,,,,,,,,,
MIMD,148,"RH=AH-BH , JAL=(AR2) , AR1++",,,,,,,,,,,,,,,,,,,,,,,,,,,,,,,,,,,,
MIMD,149,"RH=AH-BH , (AR1)=AH",,,,,,,,,,,,,,,,,,,,,,,,,,,,,,,,,,,,
MIMD,150,"RH=AH-BH , (AR1)=AL",,,,,,,,,,,,,,,,,,,,,,,,,,,,,,,,,,,,
MIMD,151,"RH=AH-BH , (AR1)=BH",,,,,,,,,,,,,,,,,,,,,,,,,,,,,,,,,,,,
MIMD,152,"RH=AH-BH , (AR1)=BL",,,,,,,,,,,,,,,,,,,,,,,,,,,,,,,,,,,,
MIMD,153,"RH=AH-BH , (AR1)=RH",,,,,,,,,,,,,,,,,,,,,,,,,,,,,,,,,,,,
MIMD,154,"RH=AH-BH , (AR1)=RL",,,,,,,,,,,,,,,,,,,,,,,,,,,,,,,,,,,,
MIMD,155,"RH=AH-BH , (AR2)=AH",,,,,,,,,,,,,,,,,,,,,,,,,,,,,,,,,,,,
MIMD,156,"RH=AH-BH , (AR2)=AL",,,,,,,,,,,,,,,,,,,,,,,,,,,,,,,,,,,,
MIMD,157,"RH=AH-BH , (AR2)=BH",,,,,,,,,,,,,,,,,,,,,,,,,,,,,,,,,,,,
MIMD,158,"RH=AH-BH , (AR2)=BL",,,,,,,,,,,,,,,,,,,,,,,,,,,,,,,,,,,,
MIMD,159,"RH=AH-BH , (AR2)=RH",,,,,,,,,,,,,,,,,,,,,,,,,,,,,,,,,,,,
MIMD,160,"RH=AH-BH , (AR2)=RL",,,,,,,,,,,,,,,,,,,,,,,,,,,,,,,,,,,,
MIMD,161,"RH=AH-BH , (AR1)=AH , AR2++",,,,,,,,,,,,,,,,,,,,,,,,,,,,,,,,,,,,
MIMD,162,"RH=AH-BH , (AR1)=AL , AR2++",,,,,,,,,,,,,,,,,,,,,,,,,,,,,,,,,,,,
MIMD,163,"RH=AH-BH , (AR1)=BH , AR2++",,,,,,,,,,,,,,,,,,,,,,,,,,,,,,,,,,,,
MIMD,164,"RH=AH-BH , (AR1)=BL , AR2++",,,,,,,,,,,,,,,,,,,,,,,,,,,,,,,,,,,,
MIMD,165,"RH=AH-BH , (AR1)=RH , AR2++",,,,,,,,,,,,,,,,,,,,,,,,,,,,,,,,,,,,
MIMD,166,"RH=AH-BH , (AR1)=RL , AR2++",,,,,,,,,,,,,,,,,,,,,,,,,,,,,,,,,,,,
MIMD,167,"RH=AH-BH , (AR2)=AH , AR1++",,,,,,,,,,,,,,,,,,,,,,,,,,,,,,,,,,,,
MIMD,168,"RH=AH-BH , (AR2)=AL , AR1++",,,,,,,,,,,,,,,,,,,,,,,,,,,,,,,,,,,,
MIMD,169,"RH=AH-BH , (AR2)=BH , AR1++",,,,,,,,,,,,,,,,,,,,,,,,,,,,,,,,,,,,
MIMD,170,"RH=AH-BH , (AR2)=BL , AR1++",,,,,,,,,,,,,,,,,,,,,,,,,,,,,,,,,,,,
MIMD,171,"RH=AH-BH , (AR2)=RH , AR1++",,,,,,,,,,,,,,,,,,,,,,,,,,,,,,,,,,,,
MIMD,172,"RH=AH-BH , (AR2)=RL , AR1++",,,,,,,,,,,,,,,,,,,,,,,,,,,,,,,,,,,,
MIMD,173,"RH=AH-BH , AR1=A",,,,,,,,,,,,,,,,,,,,,,,,,,,,,,,,,,,,
MIMD,174,"RH=AH-BH , AR1=B",,,,,,,,,,,,,,,,,,,,,,,,,,,,,,,,,,,,
MIMD,175,"RH=AH-BH , AR2=A",,,,,,,,,,,,,,,,,,,,,,,,,,,,,,,,,,,,
MIMD,176,"RH=AH-BH , AR2=B",,,,,,,,,,,,,,,,,,,,,,,,,,,,,,,,,,,,
MIMD,177,"RH=AH-BH , JA=A",,,,,,,,,,,,,,,,,,,,,,,,,,,,,,,,,,,,
MIMD,178,"RH=AH-BH , JA=B",,,,,,,,,,,,,,,,,,,,,,,,,,,,,,,,,,,,
MIMD,179,"RH=AH-BH , JAH=AH",,,,,,,,,,,,,,,,,,,,,,,,,,,,,,,,,,,,
MIMD,180,"RH=AH-BH , JAH=BH",,,,,,,,,,,,,,,,,,,,,,,,,,,,,,,,,,,,
MIMD,181,"RH=AH-BH , JAH=RH",,,,,,,,,,,,,,,,,,,,,,,,,,,,,,,,,,,,
MIMD,182,"RH=AH-BH , JAL=AL",,,,,,,,,,,,,,,,,,,,,,,,,,,,,,,,,,,,
MIMD,183,"RH=AH-BH , JAL=BL",,,,,,,,,,,,,,,,,,,,,,,,,,,,,,,,,,,,
MIMD,184,"RH=AH-BH , JAL=RL",,,,,,,,,,,,,,,,,,,,,,,,,,,,,,,,,,,,
,,,,,,,,,,,,,,,,,,,,,,,,,,,,,,,,,,,,,,
,,,,,,,,,,,,,,,,,,,,,,,,,,,,,,,,,,,,,,
,,,,,,,,,,,,,,,,,,,,,,,,,,,,,,,,,,,,,,
,,,,,,,,,,,,,,,,,,,,,,,,,,,,,,,,,,,,,,
,,,,,,,,,,,,,,,,,,,,,,,,,,,,,,,,,,,,,,
,,,,,,,,,,,,,,,,,,,,,,,,,,,,,,,,,,,,,,
,,,,,,,,,,,,,,,,,,,,,,,,,,,,,,,,,,,,,,
,,,,,,,,,,,,,,,,,,,,,,,,,,,,,,,,,,,,,,
,,,,,,,,,,,,,,,,,,,,,,,,,,,,,,,,,,,,,,
,,,,,,,,,,,,,,,,,,,,,,,,,,,,,,,,,,,,,,
,,,,,,,,,,,,,,,,,,,,,,,,,,,,,,,,,,,,,,
,,,,,,,,,,,,,,,,,,,,,,,,,,,,,,,,,,,,,,
,,,,,,,,,,,,,,,,,,,,,,,,,,,,,,,,,,,,,,
,,,,,,,,,,,,,,,,,,,,,,,,,,,,,,,,,,,,,,
,,,,,,,,,,,,,,,,,,,,,,,,,,,,,,,,,,,,,,
,,,,,,,,,,,,,,,,,,,,,,,,,,,,,,,,,,,,,,
,,,,,,,,,,,,,,,,,,,,,,,,,,,,,,,,,,,,,,
,,,,,,,,,,,,,,,,,,,,,,,,,,,,,,,,,,,,,,
,,,,,,,,,,,,,,,,,,,,,,,,,,,,,,,,,,,,,,
,,,,,,,,,,,,,,,,,,,,,,,,,,,,,,,,,,,,,,
,,,,,,,,,,,,,,,,,,,,,,,,,,,,,,,,,,,,,,
,,,,,,,,,,,,,,,,,,,,,,,,,,,,,,,,,,,,,,
,,,,,,,,,,,,,,,,,,,,,,,,,,,,,,,,,,,,,,
,,,,,,,,,,,,,,,,,,,,,,,,,,,,,,,,,,,,,,
,,,,,,,,,,,,,,,,,,,,,,,,,,,,,,,,,,,,,,
,,,,,,,,,,,,,,,,,,,,,,,,,,,,,,,,,,,,,,
,,,,,,,,,,,,,,,,,,,,,,,,,,,,,,,,,,,,,,
,,,,,,,,,,,,,,,,,,,,,,,,,,,,,,,,,,,,,,
,,,,,,,,,,,,,,,,,,,,,,,,,,,,,,,,,,,,,,
,,,,,,,,,,,,,,,,,,,,,,,,,,,,,,,,,,,,,,
,,,,,,,,,,,,,,,,,,,,,,,,,,,,,,,,,,,,,,
,,,,,,,,,,,,,,,,,,,,,,,,,,,,,,,,,,,,,,
,,,,,,,,,,,,,,,,,,,,,,,,,,,,,,,,,,,,,,
,,,,,,,,,,,,,,,,,,,,,,,,,,,,,,,,,,,,,,
,,,,,,,,,,,,,,,,,,,,,,,,,,,,,,,,,,,,,,
,,,,,,,,,,,,,,,,,,,,,,,,,,,,,,,,,,,,,,
,,,,,,,,,,,,,,,,,,,,,,,,,,,,,,,,,,,,,,
,,,,,,,,,,,,,,,,,,,,,,,,,,,,,,,,,,,,,,
,,,,,,,,,,,,,,,,,,,,,,,,,,,,,,,,,,,,,,
,,,,,,,,,,,,,,,,,,,,,,,,,,,,,,,,,,,,,,
,,,,,,,,,,,,,,,,,,,,,,,,,,,,,,,,,,,,,,
,,,,,,,,,,,,,,,,,,,,,,,,,,,,,,,,,,,,,,
,,,,,,,,,,,,,,,,,,,,,,,,,,,,,,,,,,,,,,
,,,,,,,,,,,,,,,,,,,,,,,,,,,,,,,,,,,,,,
,,,,,,,,,,,,,,,,,,,,,,,,,,,,,,,,,,,,,,
,,,,,,,,,,,,,,,,,,,,,,,,,,,,,,,,,,,,,,
,,,,,,,,,,,,,,,,,,,,,,,,,,,,,,,,,,,,,,
,,,,,,,,,,,,,,,,,,,,,,,,,,,,,,,,,,,,,,
,,,,,,,,,,,,,,,,,,,,,,,,,,,,,,,,,,,,,,
,,,,,,,,,,,,,,,,,,,,,,,,,,,,,,,,,,,,,,
,,,,,,,,,,,,,,,,,,,,,,,,,,,,,,,,,,,,,,
,,,,,,,,,,,,,,,,,,,,,,,,,,,,,,,,,,,,,,
,,,,,,,,,,,,,,,,,,,,,,,,,,,,,,,,,,,,,,
,,,,,,,,,,,,,,,,,,,,,,,,,,,,,,,,,,,,,,
,,,,,,,,,,,,,,,,,,,,,,,,,,,,,,,,,,,,,,
,,,,,,,,,,,,,,,,,,,,,,,,,,,,,,,,,,,,,,
,,,,,,,,,,,,,,,,,,,,,,,,,,,,,,,,,,,,,,
,,,,,,,,,,,,,,,,,,,,,,,,,,,,,,,,,,,,,,
,,,,,,,,,,,,,,,,,,,,,,,,,,,,,,,,,,,,,,
,,,,,,,,,,,,,,,,,,,,,,,,,,,,,,,,,,,,,,
,,,,,,,,,,,,,,,,,,,,,,,,,,,,,,,,,,,,,,
,,,,,,,,,,,,,,,,,,,,,,,,,,,,,,,,,,,,,,
,,,,,,,,,,,,,,,,,,,,,,,,,,,,,,,,,,,,,,
,,,,,,,,,,,,,,,,,,,,,,,,,,,,,,,,,,,,,,