,,Last update: 25-November-2022 @02:25h CEST,,,,,,,,,,,,,,,,,,,0,,,,,,,,,,,,,,,,,,
,,Talos ES™ instruction set,,,,Instruction word,,,,,,,,,,,,,,,,,,,,,,,,,,,,,,,,,
Opcode (bin),Type,Opcode,ASSEMBLY MNEMONIC,Meaning,,AHLE,AHOE,ALLE,ALOE,AR1CE,AR1LE,AR1OE,AR2CE,AR2LE,AR2OE,BHLE,BHOE,BLLE,BLOE,EDBIE,IBHIOE,IBLIOE,JAHLE,JALLE,PCLE,RHOE,RLOE,SFW,SNH,SNL,PCOE,IMMHOE,IMMLOE,RD,WR,CIMF,SOMF,,CHECK-SUM
0,,0,NOP,"No operation (Nota bene, ALU always operates, even if stealthly)",,0,0,0,0,0,0,0,0,0,0,0,0,0,0,0,0,0,0,0,0,0,0,0,0,0,1,0,0,0,0,0,0,,1
1,,1,AH=$nn,Load immediate,,1,0,0,0,0,0,0,0,0,0,0,0,0,0,0,0,0,0,0,0,0,0,0,0,0,1,1,0,0,0,0,0,,3
10,,2,AL=$nn,"""$nn"" must be replaced with a hexadecimal number between $0 and $FF",,0,0,1,0,0,0,0,0,0,0,0,0,0,0,0,0,0,0,0,0,0,0,0,0,0,1,0,1,0,0,0,0,,3
11,,3,BH=$nn,,,0,0,0,0,0,0,0,0,0,0,1,0,0,0,0,0,0,0,0,0,0,0,0,0,0,1,1,0,0,0,0,0,,3
100,,4,BL=$nn,,,0,0,0,0,0,0,0,0,0,0,0,0,1,0,0,0,0,0,0,0,0,0,0,0,0,1,0,1,0,0,0,0,,3
101,,5,JAH=$nn,,,0,0,0,0,0,0,0,0,0,0,0,0,0,0,0,0,0,1,0,0,0,0,0,0,0,1,1,0,0,0,0,0,,3
110,,6,JAL=$nn,,,0,0,0,0,0,0,0,0,0,0,0,0,0,0,0,0,0,0,1,0,0,0,0,0,0,1,0,1,0,0,0,0,,3
111,,7,AR1++,Address register increment,,0,0,0,0,1,0,0,0,0,0,0,0,0,0,0,0,0,0,0,0,0,0,0,0,0,1,0,0,0,0,0,0,,2
1000,,8,AR2++,,,0,0,0,0,0,0,0,1,0,0,0,0,0,0,0,0,0,0,0,0,0,0,0,0,0,1,0,0,0,0,0,0,,2
1001,,9,AH=(AR1),Load from memory and increment address register,,1,0,0,0,0,0,1,0,0,0,0,0,0,0,1,1,0,0,0,0,0,0,0,0,0,1,0,0,1,0,0,0,,6
1010,,10,AL=(AR1),,,0,0,1,0,0,0,1,0,0,0,0,0,0,0,1,0,1,0,0,0,0,0,0,0,0,1,0,0,1,0,0,0,,6
1011,,11,BH=(AR1),,,0,0,0,0,0,0,1,0,0,0,1,0,0,0,1,1,0,0,0,0,0,0,0,0,0,1,0,0,1,0,0,0,,6
1100,,12,BL=(AR1),,,0,0,0,0,0,0,1,0,0,0,0,0,1,0,1,0,1,0,0,0,0,0,0,0,0,1,0,0,1,0,0,0,,6
1101,,13,JAH=(AR1),,,0,0,0,0,0,0,1,0,0,0,0,0,0,0,1,1,0,1,0,0,0,0,0,0,0,1,0,0,1,0,0,0,,6
1110,,14,JAL=(AR1),,,0,0,0,0,0,0,1,0,0,0,0,0,0,0,1,0,1,0,1,0,0,0,0,0,0,1,0,0,1,0,0,0,,6
1111,,15,AH=(AR2),,,1,0,0,0,0,0,0,0,0,1,0,0,0,0,1,1,0,0,0,0,0,0,0,0,0,1,0,0,1,0,0,0,,6
10000,,16,AL=(AR2),,,0,0,1,0,0,0,0,0,0,1,0,0,0,0,1,0,1,0,0,0,0,0,0,0,0,1,0,0,1,0,0,0,,6
10001,,17,BH=(AR2),,,0,0,0,0,0,0,0,0,0,1,1,0,0,0,1,1,0,0,0,0,0,0,0,0,0,1,0,0,1,0,0,0,,6
10010,,18,BL=(AR2),,,0,0,0,0,0,0,0,0,0,1,0,0,1,0,1,0,1,0,0,0,0,0,0,0,0,1,0,0,1,0,0,0,,6
10011,,19,JAH=(AR2),,,0,0,0,0,0,0,0,0,0,1,0,0,0,0,1,1,0,1,0,0,0,0,0,0,0,1,0,0,1,0,0,0,,6
10100,,20,JAL=(AR2),,,0,0,0,0,0,0,0,0,0,1,0,0,0,0,1,0,1,0,1,0,0,0,0,0,0,1,0,0,1,0,0,0,,6
10101,MIMD,21,"AH=(AR1)  , AR2++",Load from memory and increment address register,,1,0,0,0,0,0,1,1,0,0,0,0,0,0,1,1,0,0,0,0,0,0,0,0,0,1,0,0,1,0,0,0,,7
10110,MIMD,22,"AL=(AR1)  , AR2++",,,0,0,1,0,0,0,1,1,0,0,0,0,0,0,1,0,1,0,0,0,0,0,0,0,0,1,0,0,1,0,0,0,,7
10111,MIMD,23,"BH=(AR1)  , AR2++",,,0,0,0,0,0,0,1,1,0,0,1,0,0,0,1,1,0,0,0,0,0,0,0,0,0,1,0,0,1,0,0,0,,7
11000,MIMD,24,"BL=(AR1)  , AR2++",,,0,0,0,0,0,0,1,1,0,0,0,0,1,0,1,0,1,0,0,0,0,0,0,0,0,1,0,0,1,0,0,0,,7
11001,MIMD,25,"JAH=(AR1) , AR2++",,,0,0,0,0,0,0,1,1,0,0,0,0,0,0,1,1,0,1,0,0,0,0,0,0,0,1,0,0,1,0,0,0,,7
11010,MIMD,26,"JAL=(AR1) , AR2++",,,0,0,0,0,0,0,1,1,0,0,0,0,0,0,1,0,1,0,1,0,0,0,0,0,0,1,0,0,1,0,0,0,,7
11011,MIMD,27,"AH=(AR2)  , AR1++",,,1,0,0,0,1,0,0,0,0,1,0,0,0,0,1,1,0,0,0,0,0,0,0,0,0,1,0,0,1,0,0,0,,7
11100,MIMD,28,"AL=(AR2)  , AR1++",,,0,0,1,0,1,0,0,0,0,1,0,0,0,0,1,0,1,0,0,0,0,0,0,0,0,1,0,0,1,0,0,0,,7
11101,MIMD,29,"BH=(AR2)  , AR1++",,,0,0,0,0,1,0,0,0,0,1,1,0,0,0,1,1,0,0,0,0,0,0,0,0,0,1,0,0,1,0,0,0,,7
11110,MIMD,30,"BL=(AR2)  , AR1++",,,0,0,0,0,1,0,0,0,0,1,0,0,1,0,1,0,1,0,0,0,0,0,0,0,0,1,0,0,1,0,0,0,,7
11111,MIMD,31,"JAH=(AR2) , AR1++",,,0,0,0,0,1,0,0,0,0,1,0,0,0,0,1,1,0,1,0,0,0,0,0,0,0,1,0,0,1,0,0,0,,7
100000,MIMD,32,"JAL=(AR2) , AR1++",,,0,0,0,0,1,0,0,0,0,1,0,0,0,0,1,0,1,0,1,0,0,0,0,0,0,1,0,0,1,0,0,0,,7
100001,,33,(AR1)=AH,Store in memory,,0,1,0,0,0,0,1,0,0,0,0,0,0,0,0,1,0,0,0,0,0,0,0,0,0,1,0,0,0,1,0,0,,5
100010,,34,(AR1)=AL,,,0,0,0,1,0,0,1,0,0,0,0,0,0,0,0,0,1,0,0,0,0,0,0,0,0,1,0,0,0,1,0,0,,5
100011,,35,(AR1)=BH,,,0,0,0,0,0,0,1,0,0,0,0,1,0,0,0,1,0,0,0,0,0,0,0,0,0,1,0,0,0,1,0,0,,5
100100,,36,(AR1)=BL,,,0,0,0,0,0,0,1,0,0,0,0,0,0,1,0,0,1,0,0,0,0,0,0,0,0,1,0,0,0,1,0,0,,5
100101,,37,(AR1)=RH,,,0,0,0,0,0,0,1,0,0,0,0,0,0,0,0,1,0,0,0,0,1,0,0,0,0,1,0,0,0,1,0,0,,5
100110,,38,(AR1)=RL,,,0,0,0,0,0,0,1,0,0,0,0,0,0,0,0,0,1,0,0,0,0,1,0,0,0,1,0,0,0,1,0,0,,5
100111,,39,(AR2)=AH,,,0,1,0,0,0,0,0,0,0,1,0,0,0,0,0,1,0,0,0,0,0,0,0,0,0,1,0,0,0,1,0,0,,5
101000,,40,(AR2)=AL,,,0,0,0,1,0,0,0,0,0,1,0,0,0,0,0,0,1,0,0,0,0,0,0,0,0,1,0,0,0,1,0,0,,5
101001,,41,(AR2)=BH,,,0,0,0,0,0,0,0,0,0,1,0,1,0,0,0,1,0,0,0,0,0,0,0,0,0,1,0,0,0,1,0,0,,5
101010,,42,(AR2)=BL,,,0,0,0,0,0,0,0,0,0,1,0,0,0,1,0,0,1,0,0,0,0,0,0,0,0,1,0,0,0,1,0,0,,5
101011,,43,(AR2)=RH,,,0,0,0,0,0,0,0,0,0,1,0,0,0,0,0,1,0,0,0,0,1,0,0,0,0,1,0,0,0,1,0,0,,5
101100,,44,(AR2)=RL,,,0,0,0,0,0,0,0,0,0,1,0,0,0,0,0,0,1,0,0,0,0,1,0,0,0,1,0,0,0,1,0,0,,5
101101,MIMD,45,"(AR1)=AH , AR2++",Store in memory and increment address register,,0,1,0,0,0,0,1,1,0,0,0,0,0,0,0,1,0,0,0,0,0,0,0,0,0,1,0,0,0,1,0,0,,6
101110,MIMD,46,"(AR1)=AL , AR2++",,,0,0,0,1,0,0,1,1,0,0,0,0,0,0,0,0,1,0,0,0,0,0,0,0,0,1,0,0,0,1,0,0,,6
101111,MIMD,47,"(AR1)=BH , AR2++",,,0,0,0,0,0,0,1,1,0,0,0,1,0,0,0,1,0,0,0,0,0,0,0,0,0,1,0,0,0,1,0,0,,6
110000,MIMD,48,"(AR1)=BL , AR2++",,,0,0,0,0,0,0,1,1,0,0,0,0,0,1,0,0,1,0,0,0,0,0,0,0,0,1,0,0,0,1,0,0,,6
110001,MIMD,49,"(AR1)=RH , AR2++",,,0,0,0,0,0,0,1,1,0,0,0,0,0,0,0,1,0,0,0,0,1,0,0,0,0,1,0,0,0,1,0,0,,6
110010,MIMD,50,"(AR1)=RL , AR2++",,,0,0,0,0,0,0,1,1,0,0,0,0,0,0,0,0,1,0,0,0,0,1,0,0,0,1,0,0,0,1,0,0,,6
110011,MIMD,51,"(AR2)=AH , AR1++",,,0,1,0,0,1,0,0,0,0,1,0,0,0,0,0,1,0,0,0,0,0,0,0,0,0,1,0,0,0,1,0,0,,6
110100,MIMD,52,"(AR2)=AL , AR1++",,,0,0,0,1,1,0,0,0,0,1,0,0,0,0,0,0,1,0,0,0,0,0,0,0,0,1,0,0,0,1,0,0,,6
110101,MIMD,53,"(AR2)=BH , AR1++",,,0,0,0,0,1,0,0,0,0,1,0,1,0,0,0,1,0,0,0,0,0,0,0,0,0,1,0,0,0,1,0,0,,6
110110,MIMD,54,"(AR2)=BL , AR1++",,,0,0,0,0,1,0,0,0,0,1,0,0,0,1,0,0,1,0,0,0,0,0,0,0,0,1,0,0,0,1,0,0,,6
110111,MIMD,55,"(AR2)=RH , AR1++",,,0,0,0,0,1,0,0,0,0,1,0,0,0,0,0,1,0,0,0,0,1,0,0,0,0,1,0,0,0,1,0,0,,6
111000,MIMD,56,"(AR2)=RL , AR1++",,,0,0,0,0,1,0,0,0,0,1,0,0,0,0,0,0,1,0,0,0,0,1,0,0,0,1,0,0,0,1,0,0,,6
111001,,57,A=B,Copy register contents,,1,0,1,0,0,0,0,0,0,0,0,1,0,1,0,0,0,0,0,0,0,0,0,0,0,1,0,0,0,0,0,0,,5
111010,,58,A=R,,,1,0,1,0,0,0,0,0,0,0,0,0,0,0,0,0,0,0,0,0,1,1,0,0,0,1,0,0,0,0,0,0,,5
111011,,59,B=A,,,0,1,0,1,0,0,0,0,0,0,1,0,1,0,0,0,0,0,0,0,0,0,0,0,0,1,0,0,0,0,0,0,,5
111100,,60,B=R,,,0,0,0,0,0,0,0,0,0,0,1,0,1,0,0,0,0,0,0,0,1,1,0,0,0,1,0,0,0,0,0,0,,5
111101,,61,AR1=A,,,0,1,0,1,0,1,0,0,0,0,0,0,0,0,0,0,0,0,0,0,0,0,0,0,0,1,0,0,0,0,0,0,,4
111110,,62,AR1=B,,,0,0,0,0,0,1,0,0,0,0,0,1,0,1,0,0,0,0,0,0,0,0,0,0,0,1,0,0,0,0,0,0,,4
111111,,63,AR1=R,,,0,0,0,0,0,1,0,0,0,0,0,0,0,0,0,0,0,0,0,0,1,1,0,0,0,1,0,0,0,0,0,0,,4
1000000,,64,AR2=A,,,0,1,0,1,0,0,0,0,1,0,0,0,0,0,0,0,0,0,0,0,0,0,0,0,0,1,0,0,0,0,0,0,,4
1000001,,65,AR2=B,,,0,0,0,0,0,0,0,0,1,0,0,1,0,1,0,0,0,0,0,0,0,0,0,0,0,1,0,0,0,0,0,0,,4
1000010,,66,AR2=R,,,0,0,0,0,0,0,0,0,1,0,0,0,0,0,0,0,0,0,0,0,1,1,0,0,0,1,0,0,0,0,0,0,,4
1000011,,67,JA=A,,,0,1,0,1,0,0,0,0,0,0,0,0,0,0,0,0,0,1,1,0,0,0,0,0,0,1,0,0,0,0,0,0,,5
1000100,,68,JA=B,,,0,0,0,0,0,0,0,0,0,0,0,1,0,1,0,0,0,1,1,0,0,0,0,0,0,1,0,0,0,0,0,0,,5
1000101,,69,JA=R,,,0,0,0,0,0,0,0,0,0,0,0,0,0,0,0,0,0,1,1,0,1,1,0,0,0,1,0,0,0,0,0,0,,5
1000110,,70,AH=BH,,,1,0,0,0,0,0,0,0,0,0,0,1,0,0,0,0,0,0,0,0,0,0,0,0,0,1,0,0,0,0,0,0,,3
1000111,,71,AH=RH,,,1,0,0,0,0,0,0,0,0,0,0,0,0,0,0,0,0,0,0,0,1,0,0,0,0,1,0,0,0,0,0,0,,3
1001000,,72,BH=AH,,,0,1,0,0,0,0,0,0,0,0,1,0,0,0,0,0,0,0,0,0,0,0,0,0,0,1,0,0,0,0,0,0,,3
1001001,,73,BH=RH,,,0,0,0,0,0,0,0,0,0,0,1,0,0,0,0,0,0,0,0,0,1,0,0,0,0,1,0,0,0,0,0,0,,3
1001010,,74,JAH=AH,,,0,1,0,0,0,0,0,0,0,0,0,0,0,0,0,0,0,1,0,0,0,0,0,0,0,1,0,0,0,0,0,0,,3
1001011,,75,JAH=BH,,,0,0,0,0,0,0,0,0,0,0,0,1,0,0,0,0,0,1,0,0,0,0,0,0,0,1,0,0,0,0,0,0,,3
1001100,,76,JAH=RH,,,0,0,0,0,0,0,0,0,0,0,0,0,0,0,0,0,0,1,0,0,1,0,0,0,0,1,0,0,0,0,0,0,,3
1001101,,77,AL=BL,,,0,0,1,0,0,0,0,0,0,0,0,0,0,1,0,0,0,0,0,0,0,0,0,0,0,1,0,0,0,0,0,0,,3
1001110,,78,AL=RL,,,0,0,1,0,0,0,0,0,0,0,0,0,0,0,0,0,0,0,0,0,0,1,0,0,0,1,0,0,0,0,0,0,,3
1001111,,79,BL=AL,,,0,0,0,1,0,0,0,0,0,0,0,0,1,0,0,0,0,0,0,0,0,0,0,0,0,1,0,0,0,0,0,0,,3
1010000,,80,BL=RL,,,0,0,0,0,0,0,0,0,0,0,0,0,1,0,0,0,0,0,0,0,0,1,0,0,0,1,0,0,0,0,0,0,,3
1010001,,81,JAL=AL,,,0,0,0,1,0,0,0,0,0,0,0,0,0,0,0,0,0,0,1,0,0,0,0,0,0,1,0,0,0,0,0,0,,3
1010010,,82,JAL=BL,,,0,0,0,0,0,0,0,0,0,0,0,0,0,1,0,0,0,0,1,0,0,0,0,0,0,1,0,0,0,0,0,0,,3
1010011,,83,JAL=RL,,,0,0,0,0,0,0,0,0,0,0,0,0,0,0,0,0,0,0,1,0,0,1,0,0,0,1,0,0,0,0,0,0,,3
1010100,MIMD,84,"AR1=A  , AR2++",Copy register contents and increment address register,,0,1,0,1,0,1,0,1,0,0,0,0,0,0,0,0,0,0,0,0,0,0,0,0,0,1,0,0,0,0,0,0,,5
1010101,MIMD,85,"AR1=B  , AR2++",,,0,0,0,0,0,1,0,1,0,0,0,1,0,1,0,0,0,0,0,0,0,0,0,0,0,1,0,0,0,0,0,0,,5
1010110,MIMD,86,"AR1=R  , AR2++",,,0,0,0,0,0,1,0,1,0,0,0,0,0,0,0,0,0,0,0,0,1,1,0,0,0,1,0,0,0,0,0,0,,5
1010111,MIMD,87,"AR2=A  , AR1++",,,0,1,0,1,1,0,0,0,1,0,0,0,0,0,0,0,0,0,0,0,0,0,0,0,0,1,0,0,0,0,0,0,,5
1011000,MIMD,88,"AR2=B  , AR1++",,,0,0,0,0,1,0,0,0,1,0,0,1,0,1,0,0,0,0,0,0,0,0,0,0,0,1,0,0,0,0,0,0,,5
1011001,MIMD,89,"AR2=R  , AR1++",,,0,0,0,0,1,0,0,0,1,0,0,0,0,0,0,0,0,0,0,0,1,1,0,0,0,1,0,0,0,0,0,0,,5
1011010,MIMD,90,"JA=A   , AR1++",,,0,1,0,1,1,0,0,0,0,0,0,0,0,0,0,0,0,1,1,0,0,0,0,0,0,1,0,0,0,0,0,0,,6
1011011,MIMD,91,"JA=B   , AR1++",,,0,0,0,0,1,0,0,0,0,0,0,1,0,1,0,0,0,1,1,0,0,0,0,0,0,1,0,0,0,0,0,0,,6
1011100,MIMD,92,"JA=R   , AR1++",,,0,0,0,0,1,0,0,0,0,0,0,0,0,0,0,0,0,1,1,0,1,1,0,0,0,1,0,0,0,0,0,0,,6
1011101,MIMD,93,"AH=BH  , AR1++",,,1,0,0,0,1,0,0,0,0,0,0,1,0,0,0,0,0,0,0,0,0,0,0,0,0,1,0,0,0,0,0,0,,4
1011110,MIMD,94,"AH=RH  , AR1++",,,1,0,0,0,1,0,0,0,0,0,0,0,0,0,0,0,0,0,0,0,1,0,0,0,0,1,0,0,0,0,0,0,,4
1011111,MIMD,95,"BH=AH  , AR1++",,,0,1,0,0,1,0,0,0,0,0,1,0,0,0,0,0,0,0,0,0,0,0,0,0,0,1,0,0,0,0,0,0,,4
1100000,MIMD,96,"BH=RH  , AR1++",,,0,0,0,0,1,0,0,0,0,0,1,0,0,0,0,0,0,0,0,0,1,0,0,0,0,1,0,0,0,0,0,0,,4
1100001,MIMD,97,"JAH=AH , AR1++",,,0,1,0,0,1,0,0,0,0,0,0,0,0,0,0,0,0,1,0,0,0,0,0,0,0,1,0,0,0,0,0,0,,4
1100010,MIMD,98,"JAH=BH , AR1++",,,0,0,0,0,1,0,0,0,0,0,0,1,0,0,0,0,0,1,0,0,0,0,0,0,0,1,0,0,0,0,0,0,,4
1100011,MIMD,99,"JAH=RH , AR1++",,,0,0,0,0,1,0,0,0,0,0,0,0,0,0,0,0,0,1,0,0,1,0,0,0,0,1,0,0,0,0,0,0,,4
1100100,MIMD,100,"AL=BL  , AR1++",,,0,0,1,0,1,0,0,0,0,0,0,0,0,1,0,0,0,0,0,0,0,0,0,0,0,1,0,0,0,0,0,0,,4
1100101,MIMD,101,"AL=RL  , AR1++",,,0,0,1,0,1,0,0,0,0,0,0,0,0,0,0,0,0,0,0,0,0,1,0,0,0,1,0,0,0,0,0,0,,4
1100110,MIMD,102,"BL=AL  , AR1++",,,0,0,0,1,1,0,0,0,0,0,0,0,1,0,0,0,0,0,0,0,0,0,0,0,0,1,0,0,0,0,0,0,,4
1100111,MIMD,103,"BL=RL  , AR1++",,,0,0,0,0,1,0,0,0,0,0,0,0,1,0,0,0,0,0,0,0,0,1,0,0,0,1,0,0,0,0,0,0,,4
1101000,MIMD,104,"JAL=AL , AR1++",,,0,0,0,1,1,0,0,0,0,0,0,0,0,0,0,0,0,0,1,0,0,0,0,0,0,1,0,0,0,0,0,0,,4
1101001,MIMD,105,"JAL=BL , AR1++",,,0,0,0,0,1,0,0,0,0,0,0,0,0,1,0,0,0,0,1,0,0,0,0,0,0,1,0,0,0,0,0,0,,4
1101010,MIMD,106,"JAL=RL , AR1++",,,0,0,0,0,1,0,0,0,0,0,0,0,0,0,0,0,0,0,1,0,0,1,0,0,0,1,0,0,0,0,0,0,,4
1101011,MIMD,107,"JA=A   , AR2++",,,0,1,0,1,0,0,0,1,0,0,0,0,0,0,0,0,0,1,1,0,0,0,0,0,0,1,0,0,0,0,0,0,,6
1101100,MIMD,108,"JA=B   , AR2++",,,0,0,0,0,0,0,0,1,0,0,0,1,0,1,0,0,0,1,1,0,0,0,0,0,0,1,0,0,0,0,0,0,,6
1101101,MIMD,109,"JA=R   , AR2++",,,0,0,0,0,0,0,0,1,0,0,0,0,0,0,0,0,0,1,1,0,1,1,0,0,0,1,0,0,0,0,0,0,,6
1101110,MIMD,110,"AH=BH  , AR2++",,,1,0,0,0,0,0,0,1,0,0,0,1,0,0,0,0,0,0,0,0,0,0,0,0,0,1,0,0,0,0,0,0,,4
1101111,MIMD,111,"AH=RH  , AR2++",,,1,0,0,0,0,0,0,1,0,0,0,0,0,0,0,0,0,0,0,0,1,0,0,0,0,1,0,0,0,0,0,0,,4
1110000,MIMD,112,"BH=AH  , AR2++",,,0,1,0,0,0,0,0,1,0,0,1,0,0,0,0,0,0,0,0,0,0,0,0,0,0,1,0,0,0,0,0,0,,4
1110001,MIMD,113,"BH=RH  , AR2++",,,0,0,0,0,0,0,0,1,0,0,1,0,0,0,0,0,0,0,0,0,1,0,0,0,0,1,0,0,0,0,0,0,,4
1110010,MIMD,114,"JAH=AH , AR2++",,,0,1,0,0,0,0,0,1,0,0,0,0,0,0,0,0,0,1,0,0,0,0,0,0,0,1,0,0,0,0,0,0,,4
1110011,MIMD,115,"JAH=BH , AR2++",,,0,0,0,0,0,0,0,1,0,0,0,1,0,0,0,0,0,1,0,0,0,0,0,0,0,1,0,0,0,0,0,0,,4
1110100,MIMD,116,"JAH=RH , AR2++",,,0,0,0,0,0,0,0,1,0,0,0,0,0,0,0,0,0,1,0,0,1,0,0,0,0,1,0,0,0,0,0,0,,4
1110101,MIMD,117,"AL=BL  , AR2++",,,0,0,1,0,0,0,0,1,0,0,0,0,0,1,0,0,0,0,0,0,0,0,0,0,0,1,0,0,0,0,0,0,,4
1110110,MIMD,118,"AL=RL  , AR2++",,,0,0,1,0,0,0,0,1,0,0,0,0,0,0,0,0,0,0,0,0,0,1,0,0,0,1,0,0,0,0,0,0,,4
1110111,MIMD,119,"BL=AL  , AR2++",,,0,0,0,1,0,0,0,1,0,0,0,0,1,0,0,0,0,0,0,0,0,0,0,0,0,1,0,0,0,0,0,0,,4
1111000,MIMD,120,"BL=RL  , AR2++",,,0,0,0,0,0,0,0,1,0,0,0,0,1,0,0,0,0,0,0,0,0,1,0,0,0,1,0,0,0,0,0,0,,4
1111001,MIMD,121,"JAL=AL , AR2++",,,0,0,0,1,0,0,0,1,0,0,0,0,0,0,0,0,0,0,1,0,0,0,0,0,0,1,0,0,0,0,0,0,,4
1111010,MIMD,122,"JAL=BL , AR2++",,,0,0,0,0,0,0,0,1,0,0,0,0,0,1,0,0,0,0,1,0,0,0,0,0,0,1,0,0,0,0,0,0,,4
1111011,MIMD,123,"JAL=RL , AR2++",,,0,0,0,0,0,0,0,1,0,0,0,0,0,0,0,0,0,0,1,0,0,1,0,0,0,1,0,0,0,0,0,0,,4
1111100,SIMD,124,"AH =BH , BL =AL",Two parallel register-to-register copy operations,,1,0,0,1,0,0,0,0,0,0,0,1,1,0,0,0,0,0,0,0,0,0,0,0,0,1,0,0,0,0,0,0,,5
1111101,SIMD,125,"AH =BH , JAL=AL",,,1,0,0,1,0,0,0,0,0,0,0,1,0,0,0,0,0,0,1,0,0,0,0,0,0,1,0,0,0,0,0,0,,5
1111110,SIMD,126,"AH =BH , JAL=BL",,,1,0,0,0,0,0,0,0,0,0,0,1,0,1,0,0,0,0,1,0,0,0,0,0,0,1,0,0,0,0,0,0,,5
1111111,SIMD,127,"BH =AH , AL =BL",,,0,1,1,0,0,0,0,0,0,0,1,0,0,1,0,0,0,0,0,0,0,0,0,0,0,1,0,0,0,0,0,0,,5
10000000,SIMD,128,"BH =AH , JAL=AL",,,0,1,0,1,0,0,0,0,0,0,1,0,0,0,0,0,0,0,1,0,0,0,0,0,0,1,0,0,0,0,0,0,,5
10000001,SIMD,129,"BH =AH , JAL=BL",,,0,1,0,0,0,0,0,0,0,0,1,0,0,1,0,0,0,0,1,0,0,0,0,0,0,1,0,0,0,0,0,0,,5
10000010,SIMD,130,"JAH=AH , AL =BL",,,0,1,1,0,0,0,0,0,0,0,0,0,0,1,0,0,0,1,0,0,0,0,0,0,0,1,0,0,0,0,0,0,,5
10000011,SIMD,131,"JAH=BH , AL =BL",,,0,0,1,0,0,0,0,0,0,0,0,1,0,1,0,0,0,1,0,0,0,0,0,0,0,1,0,0,0,0,0,0,,5
10000100,SIMD,132,"JAH=AH , BL =AL",,,0,1,0,1,0,0,0,0,0,0,0,0,1,0,0,0,0,1,0,0,0,0,0,0,0,1,0,0,0,0,0,0,,5
10000101,SIMD,133,"JAH=BH , BL =AL",,,0,0,0,1,0,0,0,0,0,0,0,1,1,0,0,0,0,1,0,0,0,0,0,0,0,1,0,0,0,0,0,0,,5
10000110,,134,R=A+B,Addition,,0,0,0,0,0,0,0,0,0,0,0,0,0,0,0,0,0,0,0,0,0,0,1,0,0,1,0,0,0,0,0,0,,2
10000111,,135,R=A-B,Subtraction,,0,0,0,0,0,0,0,0,0,0,0,0,0,0,0,0,0,0,0,0,0,0,1,1,1,1,0,0,0,0,0,0,,4
10001000,SIMD,136,"RH=AH-BH , RL=AL-BL",Two parallel substractions,,0,0,0,0,0,0,0,0,0,0,0,0,0,0,0,0,0,0,0,0,0,0,0,1,1,1,0,0,0,0,0,0,,3
10001001,MIMD,137,"RH=AH+BH , RL=AL-BL",Addition and subtraction,,0,0,0,0,0,0,0,0,0,0,0,0,0,0,0,0,0,0,0,0,0,0,0,0,1,1,0,0,0,0,0,0,,2
10001010,MIMD,138,"RH=AH-BH , RL=AL+BL",Subtraction and addition,,0,0,0,0,0,0,0,0,0,0,0,0,0,0,0,0,0,0,0,0,0,0,0,1,0,1,0,0,0,0,0,0,,2
10001011,SIMD,139,"RH=AH+BH , RL=AL+BL , AR1++",Addition(s)/subtraction(s) with address increment,,0,0,0,0,1,0,0,0,0,0,0,0,0,0,0,0,0,0,0,0,0,0,0,0,0,1,0,0,0,0,0,0,,2
10001100,SIMD,140,"RH=AH+BH , RL=AL+BL , AR2++",,,0,0,0,0,0,0,0,1,0,0,0,0,0,0,0,0,0,0,0,0,0,0,0,0,0,1,0,0,0,0,0,0,,2
10001101,MIMD,141,"RH=AH+BH , RL=AL-BL , AR1++",,,0,0,0,0,1,0,0,0,0,0,0,0,0,0,0,0,0,0,0,0,0,0,0,0,1,1,0,0,0,0,0,0,,3
10001110,MIMD,142,"RH=AH+BH , RL=AL-BL , AR2++",,,0,0,0,0,0,0,0,1,0,0,0,0,0,0,0,0,0,0,0,0,0,0,0,0,1,1,0,0,0,0,0,0,,3
10001111,MIMD,143,"RH=AH-BH , RL=AL+BL , AR1++",,,0,0,0,0,1,0,0,0,0,0,0,0,0,0,0,0,0,0,0,0,0,0,0,1,0,1,0,0,0,0,0,0,,3
10010000,MIMD,144,"RH=AH-BH , RL=AL+BL , AR2++",,,0,0,0,0,0,0,0,1,0,0,0,0,0,0,0,0,0,0,0,0,0,0,0,1,0,1,0,0,0,0,0,0,,3
10010001,MIMD,145,"RH=AH-BH , RL=AL-BL , AR1++",,,0,0,0,0,1,0,0,0,0,0,0,0,0,0,0,0,0,0,0,0,0,0,0,1,1,1,0,0,0,0,0,0,,4
10010010,MIMD,146,"RH=AH-BH , RL=AL-BL , AR2++",,,0,0,0,0,0,0,0,1,0,0,0,0,0,0,0,0,0,0,0,0,0,0,0,1,1,1,0,0,0,0,0,0,,4
10010011,SIMD,147,"RH=AH+BH , RL=AL+BL , AR1++ , AR2++",,,0,0,0,0,1,0,0,1,0,0,0,0,0,0,0,0,0,0,0,0,0,0,0,0,0,1,0,0,0,0,0,0,,3
10010100,MIMD,148,"RH=AH+BH , RL=AL-BL , AR1++ , AR2++",,,0,0,0,0,1,0,0,1,0,0,0,0,0,0,0,0,0,0,0,0,0,0,0,0,1,1,0,0,0,0,0,0,,4
10010101,MIMD,149,"RH=AH-BH , RL=AL+BL , AR1++ , AR2++",,,0,0,0,0,1,0,0,1,0,0,0,0,0,0,0,0,0,0,0,0,0,0,0,1,0,1,0,0,0,0,0,0,,4
10010110,MIMD,150,"RH=AH-BH , RL=AL-BL , AR1++ , AR2++",,,0,0,0,0,1,0,0,1,0,0,0,0,0,0,0,0,0,0,0,0,0,0,0,1,1,1,0,0,0,0,0,0,,5
10010111,MIMD,151,"RH=AH+BH , RL=AL-BL , JAH=(AR1)",Addition and subtraction in parallel with non-ALU operation,,0,0,0,0,0,0,1,0,0,0,0,0,0,0,1,1,0,1,0,0,0,0,0,0,1,1,0,0,1,0,0,0,,7
10011000,MIMD,152,"RH=AH+BH , RL=AL-BL , JAL=(AR1)",,,0,0,0,0,0,0,1,0,0,0,0,0,0,0,1,0,1,0,1,0,0,0,0,0,1,1,0,0,1,0,0,0,,7
10011001,MIMD,153,"RH=AH+BH , RL=AL-BL , JAH=(AR2)",,,0,0,0,0,0,0,0,0,0,1,0,0,0,0,1,1,0,1,0,0,0,0,0,0,1,1,0,0,1,0,0,0,,7
10011010,MIMD,154,"RH=AH+BH , RL=AL-BL , JAL=(AR2)",,,0,0,0,0,0,0,0,0,0,1,0,0,0,0,1,0,1,0,1,0,0,0,0,0,1,1,0,0,1,0,0,0,,7
10011011,MIMD,155,"RH=AH+BH , RL=AL-BL , JAH=(AR1) , AR2++",,,0,0,0,0,0,0,1,1,0,0,0,0,0,0,1,1,0,1,0,0,0,0,0,0,1,1,0,0,1,0,0,0,,8
10011100,MIMD,156,"RH=AH+BH , RL=AL-BL , JAL=(AR1) , AR2++",,,0,0,0,0,0,0,1,1,0,0,0,0,0,0,1,0,1,0,1,0,0,0,0,0,1,1,0,0,1,0,0,0,,8
10011101,MIMD,157,"RH=AH+BH , RL=AL-BL , JAH=(AR2) , AR1++",,,0,0,0,0,1,0,0,0,0,1,0,0,0,0,1,1,0,1,0,0,0,0,0,0,1,1,0,0,1,0,0,0,,8
10011110,MIMD,158,"RH=AH+BH , RL=AL-BL , JAL=(AR2) , AR1++",,,0,0,0,0,1,0,0,0,0,1,0,0,0,0,1,0,1,0,1,0,0,0,0,0,1,1,0,0,1,0,0,0,,8
10011111,MIMD,159,"RH=AH+BH , RL=AL-BL , (AR1)=AH",,,0,1,0,0,0,0,1,0,0,0,0,0,0,0,0,1,0,0,0,0,0,0,0,0,1,1,0,0,0,1,0,0,,6
10100000,MIMD,160,"RH=AH+BH , RL=AL-BL , (AR1)=AL",,,0,0,0,1,0,0,1,0,0,0,0,0,0,0,0,0,1,0,0,0,0,0,0,0,1,1,0,0,0,1,0,0,,6
10100001,MIMD,161,"RH=AH+BH , RL=AL-BL , (AR1)=BH",,,0,0,0,0,0,0,1,0,0,0,0,1,0,0,0,1,0,0,0,0,0,0,0,0,1,1,0,0,0,1,0,0,,6
10100010,MIMD,162,"RH=AH+BH , RL=AL-BL , (AR1)=BL",,,0,0,0,0,0,0,1,0,0,0,0,0,0,1,0,0,1,0,0,0,0,0,0,0,1,1,0,0,0,1,0,0,,6
10100011,MIMD,163,"RH=AH+BH , RL=AL-BL , (AR1)=RH",,,0,0,0,0,0,0,1,0,0,0,0,0,0,0,0,1,0,0,0,0,1,0,0,0,1,1,0,0,0,1,0,0,,6
10100100,MIMD,164,"RH=AH+BH , RL=AL-BL , (AR1)=RL",,,0,0,0,0,0,0,1,0,0,0,0,0,0,0,0,0,1,0,0,0,0,1,0,0,1,1,0,0,0,1,0,0,,6
10100101,MIMD,165,"RH=AH+BH , RL=AL-BL , (AR2)=AH",,,0,1,0,0,0,0,0,0,0,1,0,0,0,0,0,1,0,0,0,0,0,0,0,0,1,1,0,0,0,1,0,0,,6
10100110,MIMD,166,"RH=AH+BH , RL=AL-BL , (AR2)=AL",,,0,0,0,1,0,0,0,0,0,1,0,0,0,0,0,0,1,0,0,0,0,0,0,0,1,1,0,0,0,1,0,0,,6
10100111,MIMD,167,"RH=AH+BH , RL=AL-BL , (AR2)=BH",,,0,0,0,0,0,0,0,0,0,1,0,1,0,0,0,1,0,0,0,0,0,0,0,0,1,1,0,0,0,1,0,0,,6
10101000,MIMD,168,"RH=AH+BH , RL=AL-BL , (AR2)=BL",,,0,0,0,0,0,0,0,0,0,1,0,0,0,1,0,0,1,0,0,0,0,0,0,0,1,1,0,0,0,1,0,0,,6
10101001,MIMD,169,"RH=AH+BH , RL=AL-BL , (AR2)=RH",,,0,0,0,0,0,0,0,0,0,1,0,0,0,0,0,1,0,0,0,0,1,0,0,0,1,1,0,0,0,1,0,0,,6
10101010,MIMD,170,"RH=AH+BH , RL=AL-BL , (AR2)=RL",,,0,0,0,0,0,0,0,0,0,1,0,0,0,0,0,0,1,0,0,0,0,1,0,0,1,1,0,0,0,1,0,0,,6
10101011,MIMD,171,"RH=AH+BH , RL=AL-BL , (AR1)=AH , AR2++",,,0,1,0,0,0,0,1,1,0,0,0,0,0,0,0,1,0,0,0,0,0,0,0,0,1,1,0,0,0,1,0,0,,7
10101100,MIMD,172,"RH=AH+BH , RL=AL-BL , (AR1)=AL , AR2++",,,0,0,0,1,0,0,1,1,0,0,0,0,0,0,0,0,1,0,0,0,0,0,0,0,1,1,0,0,0,1,0,0,,7
10101101,MIMD,173,"RH=AH+BH , RL=AL-BL , (AR1)=BH , AR2++",,,0,0,0,0,0,0,1,1,0,0,0,1,0,0,0,1,0,0,0,0,0,0,0,0,1,1,0,0,0,1,0,0,,7
10101110,MIMD,174,"RH=AH+BH , RL=AL-BL , (AR1)=BL , AR2++",,,0,0,0,0,0,0,1,1,0,0,0,0,0,1,0,0,1,0,0,0,0,0,0,0,1,1,0,0,0,1,0,0,,7
10101111,MIMD,175,"RH=AH+BH , RL=AL-BL , (AR1)=RH , AR2++",,,0,0,0,0,0,0,1,1,0,0,0,0,0,0,0,1,0,0,0,0,1,0,0,0,1,1,0,0,0,1,0,0,,7
10110000,MIMD,176,"RH=AH+BH , RL=AL-BL , (AR1)=RL , AR2++",,,0,0,0,0,0,0,1,1,0,0,0,0,0,0,0,0,1,0,0,0,0,1,0,0,1,1,0,0,0,1,0,0,,7
10110001,MIMD,177,"RH=AH+BH , RL=AL-BL , (AR2)=AH , AR1++",,,0,1,0,0,1,0,0,0,0,1,0,0,0,0,0,1,0,0,0,0,0,0,0,0,1,1,0,0,0,1,0,0,,7
10110010,MIMD,178,"RH=AH+BH , RL=AL-BL , (AR2)=AL , AR1++",,,0,0,0,1,1,0,0,0,0,1,0,0,0,0,0,0,1,0,0,0,0,0,0,0,1,1,0,0,0,1,0,0,,7
10110011,MIMD,179,"RH=AH+BH , RL=AL-BL , (AR2)=BH , AR1++",,,0,0,0,0,1,0,0,0,0,1,0,1,0,0,0,1,0,0,0,0,0,0,0,0,1,1,0,0,0,1,0,0,,7
10110100,MIMD,180,"RH=AH+BH , RL=AL-BL , (AR2)=BL , AR1++",,,0,0,0,0,1,0,0,0,0,1,0,0,0,1,0,0,1,0,0,0,0,0,0,0,1,1,0,0,0,1,0,0,,7
10110101,MIMD,181,"RH=AH+BH , RL=AL-BL , (AR2)=RH , AR1++",,,0,0,0,0,1,0,0,0,0,1,0,0,0,0,0,1,0,0,0,0,1,0,0,0,1,1,0,0,0,1,0,0,,7
10110110,MIMD,182,"RH=AH+BH , RL=AL-BL , (AR2)=RL , AR1++",,,0,0,0,0,1,0,0,0,0,1,0,0,0,0,0,0,1,0,0,0,0,1,0,0,1,1,0,0,0,1,0,0,,7
10110111,MIMD,183,"RH=AH+BH , RL=AL-BL , AR1=A",,,0,1,0,1,0,1,0,0,0,0,0,0,0,0,0,0,0,0,0,0,0,0,0,0,1,1,0,0,0,0,0,0,,5
10111000,MIMD,184,"RH=AH+BH , RL=AL-BL , AR1=B",,,0,0,0,0,0,1,0,0,0,0,0,1,0,1,0,0,0,0,0,0,0,0,0,0,1,1,0,0,0,0,0,0,,5
10111001,MIMD,185,"RH=AH+BH , RL=AL-BL , AR2=A",,,0,1,0,1,0,0,0,0,1,0,0,0,0,0,0,0,0,0,0,0,0,0,0,0,1,1,0,0,0,0,0,0,,5
10111010,MIMD,186,"RH=AH+BH , RL=AL-BL , AR2=B",,,0,0,0,0,0,0,0,0,1,0,0,1,0,1,0,0,0,0,0,0,0,0,0,0,1,1,0,0,0,0,0,0,,5
10111011,MIMD,187,"RH=AH+BH , RL=AL-BL , JA=A",,,0,1,0,1,0,0,0,0,0,0,0,0,0,0,0,0,0,1,1,0,0,0,0,0,1,1,0,0,0,0,0,0,,6
10111100,MIMD,188,"RH=AH+BH , RL=AL-BL , JA=B",,,0,0,0,0,0,0,0,0,0,0,0,1,0,1,0,0,0,1,1,0,0,0,0,0,1,1,0,0,0,0,0,0,,6
10111101,MIMD,189,"RH=AH+BH , RL=AL-BL , JAH=AH",,,0,1,0,0,0,0,0,0,0,0,0,0,0,0,0,0,0,1,0,0,0,0,0,0,1,1,0,0,0,0,0,0,,4
10111110,MIMD,190,"RH=AH+BH , RL=AL-BL , JAH=BH",,,0,0,0,0,0,0,0,0,0,0,0,1,0,0,0,0,0,1,0,0,0,0,0,0,1,1,0,0,0,0,0,0,,4
10111111,MIMD,191,"RH=AH+BH , RL=AL-BL , JAH=RH",,,0,0,0,0,0,0,0,0,0,0,0,0,0,0,0,0,0,1,0,0,1,0,0,0,1,1,0,0,0,0,0,0,,4
11000000,MIMD,192,"RH=AH+BH , RL=AL-BL , JAL=AL",,,0,0,0,1,0,0,0,0,0,0,0,0,0,0,0,0,0,0,1,0,0,0,0,0,1,1,0,0,0,0,0,0,,4
11000001,MIMD,193,"RH=AH+BH , RL=AL-BL , JAL=BL",,,0,0,0,0,0,0,0,0,0,0,0,0,0,1,0,0,0,0,1,0,0,0,0,0,1,1,0,0,0,0,0,0,,4
11000010,MIMD,194,"RH=AH+BH , RL=AL-BL , JAL=RL",,,0,0,0,0,0,0,0,0,0,0,0,0,0,0,0,0,0,0,1,0,0,1,0,0,1,1,0,0,0,0,0,0,,4
11000011,MIMD,195,"RH=AH-BH , RL=AL+BL , JAH=(AR1)",Subtraction and addition in parallel with non-ALU operation,,0,0,0,0,0,0,1,0,0,0,0,0,0,0,1,1,0,1,0,0,0,0,0,1,0,1,0,0,1,0,0,0,,7
11000100,MIMD,196,"RH=AH-BH , RL=AL+BL , JAL=(AR1)",,,0,0,0,0,0,0,1,0,0,0,0,0,0,0,1,0,1,0,1,0,0,0,0,1,0,1,0,0,1,0,0,0,,7
11000101,MIMD,197,"RH=AH-BH , RL=AL+BL , JAH=(AR2)",,,0,0,0,0,0,0,0,0,0,1,0,0,0,0,1,1,0,1,0,0,0,0,0,1,0,1,0,0,1,0,0,0,,7
11000110,MIMD,198,"RH=AH-BH , RL=AL+BL , JAL=(AR2)",,,0,0,0,0,0,0,0,0,0,1,0,0,0,0,1,0,1,0,1,0,0,0,0,1,0,1,0,0,1,0,0,0,,7
11000111,MIMD,199,"RH=AH-BH , RL=AL+BL , JAH=(AR1) , AR2++",,,0,0,0,0,0,0,1,1,0,0,0,0,0,0,1,1,0,1,0,0,0,0,0,1,0,1,0,0,1,0,0,0,,8
11001000,MIMD,200,"RH=AH-BH , RL=AL+BL , JAL=(AR1) , AR2++",,,0,0,0,0,0,0,1,1,0,0,0,0,0,0,1,0,1,0,1,0,0,0,0,1,0,1,0,0,1,0,0,0,,8
11001001,MIMD,201,"RH=AH-BH , RL=AL+BL , JAH=(AR2) , AR1++",,,0,0,0,0,1,0,0,0,0,1,0,0,0,0,1,1,0,1,0,0,0,0,0,1,0,1,0,0,1,0,0,0,,8
11001010,MIMD,202,"RH=AH-BH , RL=AL+BL , JAL=(AR2) , AR1++",,,0,0,0,0,1,0,0,0,0,1,0,0,0,0,1,0,1,0,1,0,0,0,0,1,0,1,0,0,1,0,0,0,,8
11001011,MIMD,203,"RH=AH-BH , RL=AL+BL , (AR1)=AH",,,0,1,0,0,0,0,1,0,0,0,0,0,0,0,0,1,0,0,0,0,0,0,0,1,0,1,0,0,0,1,0,0,,6
11001100,MIMD,204,"RH=AH-BH , RL=AL+BL , (AR1)=AL",,,0,0,0,1,0,0,1,0,0,0,0,0,0,0,0,0,1,0,0,0,0,0,0,1,0,1,0,0,0,1,0,0,,6
11001101,MIMD,205,"RH=AH-BH , RL=AL+BL , (AR1)=BH",,,0,0,0,0,0,0,1,0,0,0,0,1,0,0,0,1,0,0,0,0,0,0,0,1,0,1,0,0,0,1,0,0,,6
11001110,MIMD,206,"RH=AH-BH , RL=AL+BL , (AR1)=BL",,,0,0,0,0,0,0,1,0,0,0,0,0,0,1,0,0,1,0,0,0,0,0,0,1,0,1,0,0,0,1,0,0,,6
11001111,MIMD,207,"RH=AH-BH , RL=AL+BL , (AR1)=RH",,,0,0,0,0,0,0,1,0,0,0,0,0,0,0,0,1,0,0,0,0,1,0,0,1,0,1,0,0,0,1,0,0,,6
11010000,MIMD,208,"RH=AH-BH , RL=AL+BL , (AR1)=RL",,,0,0,0,0,0,0,1,0,0,0,0,0,0,0,0,0,1,0,0,0,0,1,0,1,0,1,0,0,0,1,0,0,,6
11010001,MIMD,209,"RH=AH-BH , RL=AL+BL , (AR2)=AH",,,0,1,0,0,0,0,0,0,0,1,0,0,0,0,0,1,0,0,0,0,0,0,0,1,0,1,0,0,0,1,0,0,,6
11010010,MIMD,210,"RH=AH-BH , RL=AL+BL , (AR2)=AL",,,0,0,0,1,0,0,0,0,0,1,0,0,0,0,0,0,1,0,0,0,0,0,0,1,0,1,0,0,0,1,0,0,,6
11010011,MIMD,211,"RH=AH-BH , RL=AL+BL , (AR2)=BH",,,0,0,0,0,0,0,0,0,0,1,0,1,0,0,0,1,0,0,0,0,0,0,0,1,0,1,0,0,0,1,0,0,,6
11010100,MIMD,212,"RH=AH-BH , RL=AL+BL , (AR2)=BL",,,0,0,0,0,0,0,0,0,0,1,0,0,0,1,0,0,1,0,0,0,0,0,0,1,0,1,0,0,0,1,0,0,,6
11010101,MIMD,213,"RH=AH-BH , RL=AL+BL , (AR2)=RH",,,0,0,0,0,0,0,0,0,0,1,0,0,0,0,0,1,0,0,0,0,1,0,0,1,0,1,0,0,0,1,0,0,,6
11010110,MIMD,214,"RH=AH-BH , RL=AL+BL , (AR2)=RL",,,0,0,0,0,0,0,0,0,0,1,0,0,0,0,0,0,1,0,0,0,0,1,0,1,0,1,0,0,0,1,0,0,,6
11010111,MIMD,215,"RH=AH-BH , RL=AL+BL , (AR1)=AH , AR2++",,,0,1,0,0,0,0,1,1,0,0,0,0,0,0,0,1,0,0,0,0,0,0,0,1,0,1,0,0,0,1,0,0,,7
11011000,MIMD,216,"RH=AH-BH , RL=AL+BL , (AR1)=AL , AR2++",,,0,0,0,1,0,0,1,1,0,0,0,0,0,0,0,0,1,0,0,0,0,0,0,1,0,1,0,0,0,1,0,0,,7
11011001,MIMD,217,"RH=AH-BH , RL=AL+BL , (AR1)=BH , AR2++",,,0,0,0,0,0,0,1,1,0,0,0,1,0,0,0,1,0,0,0,0,0,0,0,1,0,1,0,0,0,1,0,0,,7
11011010,MIMD,218,"RH=AH-BH , RL=AL+BL , (AR1)=BL , AR2++",,,0,0,0,0,0,0,1,1,0,0,0,0,0,1,0,0,1,0,0,0,0,0,0,1,0,1,0,0,0,1,0,0,,7
11011011,MIMD,219,"RH=AH-BH , RL=AL+BL , (AR1)=RH , AR2++",,,0,0,0,0,0,0,1,1,0,0,0,0,0,0,0,1,0,0,0,0,1,0,0,1,0,1,0,0,0,1,0,0,,7
11011100,MIMD,220,"RH=AH-BH , RL=AL+BL , (AR1)=RL , AR2++",,,0,0,0,0,0,0,1,1,0,0,0,0,0,0,0,0,1,0,0,0,0,1,0,1,0,1,0,0,0,1,0,0,,7
11011101,MIMD,221,"RH=AH-BH , RL=AL+BL , (AR2)=AH , AR1++",,,0,1,0,0,1,0,0,0,0,1,0,0,0,0,0,1,0,0,0,0,0,0,0,1,0,1,0,0,0,1,0,0,,7
11011110,MIMD,222,"RH=AH-BH , RL=AL+BL , (AR2)=AL , AR1++",,,0,0,0,1,1,0,0,0,0,1,0,0,0,0,0,0,1,0,0,0,0,0,0,1,0,1,0,0,0,1,0,0,,7
11011111,MIMD,223,"RH=AH-BH , RL=AL+BL , (AR2)=BH , AR1++",,,0,0,0,0,1,0,0,0,0,1,0,1,0,0,0,1,0,0,0,0,0,0,0,1,0,1,0,0,0,1,0,0,,7
11100000,MIMD,224,"RH=AH-BH , RL=AL+BL , (AR2)=BL , AR1++",,,0,0,0,0,1,0,0,0,0,1,0,0,0,1,0,0,1,0,0,0,0,0,0,1,0,1,0,0,0,1,0,0,,7
11100001,MIMD,225,"RH=AH-BH , RL=AL+BL , (AR2)=RH , AR1++",,,0,0,0,0,1,0,0,0,0,1,0,0,0,0,0,1,0,0,0,0,1,0,0,1,0,1,0,0,0,1,0,0,,7
11100010,MIMD,226,"RH=AH-BH , RL=AL+BL , (AR2)=RL , AR1++",,,0,0,0,0,1,0,0,0,0,1,0,0,0,0,0,0,1,0,0,0,0,1,0,1,0,1,0,0,0,1,0,0,,7
11100011,MIMD,227,"RH=AH-BH , RL=AL+BL , AR1=A",,,0,1,0,1,0,1,0,0,0,0,0,0,0,0,0,0,0,0,0,0,0,0,0,1,0,1,0,0,0,0,0,0,,5
11100100,MIMD,228,"RH=AH-BH , RL=AL+BL , AR1=B",,,0,0,0,0,0,1,0,0,0,0,0,1,0,1,0,0,0,0,0,0,0,0,0,1,0,1,0,0,0,0,0,0,,5
11100101,MIMD,229,"RH=AH-BH , RL=AL+BL , AR2=A",,,0,1,0,1,0,0,0,0,1,0,0,0,0,0,0,0,0,0,0,0,0,0,0,1,0,1,0,0,0,0,0,0,,5
11100110,MIMD,230,"RH=AH-BH , RL=AL+BL , AR2=B",,,0,0,0,0,0,0,0,0,1,0,0,1,0,1,0,0,0,0,0,0,0,0,0,1,0,1,0,0,0,0,0,0,,5
11100111,MIMD,231,"RH=AH-BH , RL=AL+BL , JA=A",,,0,1,0,1,0,0,0,0,0,0,0,0,0,0,0,0,0,1,1,0,0,0,0,1,0,1,0,0,0,0,0,0,,6
11101000,MIMD,232,"RH=AH-BH , RL=AL+BL , JA=B",,,0,0,0,0,0,0,0,0,0,0,0,1,0,1,0,0,0,1,1,0,0,0,0,1,0,1,0,0,0,0,0,0,,6
11101001,MIMD,233,"RH=AH-BH , RL=AL+BL , JAH=AH",,,0,1,0,0,0,0,0,0,0,0,0,0,0,0,0,0,0,1,0,0,0,0,0,1,0,1,0,0,0,0,0,0,,4
11101010,MIMD,234,"RH=AH-BH , RL=AL+BL , JAH=BH",,,0,0,0,0,0,0,0,0,0,0,0,1,0,0,0,0,0,1,0,0,0,0,0,1,0,1,0,0,0,0,0,0,,4
11101011,MIMD,235,"RH=AH-BH , RL=AL+BL , JAH=RH",,,0,0,0,0,0,0,0,0,0,0,0,0,0,0,0,0,0,1,0,0,1,0,0,1,0,1,0,0,0,0,0,0,,4
11101100,MIMD,236,"RH=AH-BH , RL=AL+BL , JAL=AL",,,0,0,0,1,0,0,0,0,0,0,0,0,0,0,0,0,0,0,1,0,0,0,0,1,0,1,0,0,0,0,0,0,,4
11101101,MIMD,237,"RH=AH-BH , RL=AL+BL , JAL=BL",,,0,0,0,0,0,0,0,0,0,0,0,0,0,1,0,0,0,0,1,0,0,0,0,1,0,1,0,0,0,0,0,0,,4
11101110,MIMD,238,"RH=AH-BH , RL=AL+BL , JAL=RL",,,0,0,0,0,0,0,0,0,0,0,0,0,0,0,0,0,0,0,1,0,0,1,0,1,0,1,0,0,0,0,0,0,,4
11101111,CTRL,239,CIMF (Clear Incoming-Mail Flag),,,0,0,0,0,0,0,0,0,0,0,0,0,0,0,0,0,0,0,0,0,0,0,0,0,0,1,0,0,0,0,1,0,,2
11110000,CTRL,240,SOMF (Set Outgoing-Mail Flag),,,0,0,0,0,0,0,0,0,0,0,0,0,0,0,0,0,0,0,0,0,0,0,0,0,0,1,0,0,0,0,0,1,,2
11110001,CTRL,241,JP (JumP),Unconditional jump to address in JA,,0,0,0,0,0,0,0,0,0,0,0,0,0,0,0,0,0,0,0,1,0,0,0,0,0,1,0,0,0,0,0,0,,2
11110010,CTRL,242,JZH (Jump on Zero-High),Conditional jump to address in JA if zero-flag-high is high,,0,0,0,0,0,0,0,0,0,0,0,0,0,0,0,0,0,0,0,1,0,0,0,0,0,1,0,0,0,0,0,0,,2
11110011,CTRL,243,JZL (Jump on Zero-Low),Conditional jump to address in JA if zero-flag-low is high,,0,0,0,0,0,0,0,0,0,0,0,0,0,0,0,0,0,0,0,1,0,0,0,0,0,1,0,0,0,0,0,0,,2
11110100,CTRL,244,JSH (Jump on Sign-High),Conditional jump to address in JA if sign-flag-high is high,,0,0,0,0,0,0,0,0,0,0,0,0,0,0,0,0,0,0,0,1,0,0,0,0,0,1,0,0,0,0,0,0,,2
11110101,CTRL,245,JSL (Jump on Sign-Low),Conditional jump to address in JA if sign-flag-low is high,,0,0,0,0,0,0,0,0,0,0,0,0,0,0,0,0,0,0,0,1,0,0,0,0,0,1,0,0,0,0,0,0,,2
11110110,CTRL,246,JCH (Jump on Carry-High),Conditional jump to address in JA if carry-flag-high is high,,0,0,0,0,0,0,0,0,0,0,0,0,0,0,0,0,0,0,0,1,0,0,0,0,0,1,0,0,0,0,0,0,,2
11110111,CTRL,247,JCL (Jump on Carry-Low),Conditional jump to address in JA if carry-flag-low is high,,0,0,0,0,0,0,0,0,0,0,0,0,0,0,0,0,0,0,0,1,0,0,0,0,0,1,0,0,0,0,0,0,,2
11111000,CTRL,248,JNZH (Jump on Not Zero-High),Conditional jump to address in JA if zero-flag-high is low,,0,0,0,0,0,0,0,0,0,0,0,0,0,0,0,0,0,0,0,1,0,0,0,0,0,1,0,0,0,0,0,0,,2
11111001,CTRL,249,JNZL (Jump on Not Zero-Low),Conditional jump to address in JA if zero-flag-low is low,,0,0,0,0,0,0,0,0,0,0,0,0,0,0,0,0,0,0,0,1,0,0,0,0,0,1,0,0,0,0,0,0,,2
11111010,CTRL,250,JNSH (Jump on Not Sign-High),Conditional jump to address in JA if sign-flag-high is low,,0,0,0,0,0,0,0,0,0,0,0,0,0,0,0,0,0,0,0,1,0,0,0,0,0,1,0,0,0,0,0,0,,2
11111011,CTRL,251,JNSL (Jump on Not Sign-Low),Conditional jump to address in JA if sign-flag-low is low,,0,0,0,0,0,0,0,0,0,0,0,0,0,0,0,0,0,0,0,1,0,0,0,0,0,1,0,0,0,0,0,0,,2
11111100,CTRL,252,JNCH (Jump on Not Carry-High),Conditional jump to address in JA if carry-flag-high is low,,0,0,0,0,0,0,0,0,0,0,0,0,0,0,0,0,0,0,0,1,0,0,0,0,0,1,0,0,0,0,0,0,,2
11111101,CTRL,253,JNCL (Jump on Not Carry-Low),Conditional jump to address in JA if carry-flag-low is low,,0,0,0,0,0,0,0,0,0,0,0,0,0,0,0,0,0,0,0,1,0,0,0,0,0,1,0,0,0,0,0,0,,2
11111110,CTRL,254,JIM (Jump on Incoming-Mail),Conditional jump to address in JA if incoming-mail-flag is high,,0,0,0,0,0,0,0,0,0,0,0,0,0,0,0,0,0,0,0,1,0,0,0,0,0,1,0,0,0,0,0,0,,2
11111111,CTRL,255,JOM (Jump on Outgoing-Mail),Conditional jump to address in JA if outgoing-mail-flag is high,,0,0,0,0,0,0,0,0,0,0,0,0,0,0,0,0,0,0,0,1,0,0,0,0,0,1,0,0,0,0,0,0,,2
,,,,,,,,,,,,,,,,,,,,,,,,,,,,,,,,,,,,,,,
,,Pseudo-instructions,,,,,,,,,,,,,,,,,,,,,,,,,,,,,,,,,,,,,
,SIMD,0,"RH=AH+BH , RL=AL+BL",Addition(s),,,,,,,,,,,,,,,,,,,,,,,,,,,,,,,,,,,
,SIMD,0,RH=AH+BH,,,,,,,,,,,,,,,,,,,,,,,,,,,,,,,,,,,,
,SIMD,0,           RL=AL+BL,,,,,,,,,,,,,,,,,,,,,,,,,,,,,,,,,,,,
,MIMD,139,"RH=AH+BH ,            AR1++",Addition/subtraction in parallel with address increment,,,,,,,,,,,,,,,,,,,,,,,,,,,,,,,,,,,
,MIMD,140,"RH=AH+BH ,            AR2++",,,,,,,,,,,,,,,,,,,,,,,,,,,,,,,,,,,,
,MIMD,139,"           RL=AL+BL , AR1++",,,,,,,,,,,,,,,,,,,,,,,,,,,,,,,,,,,,
,MIMD,140,"           RL=AL+BL , AR2++",,,,,,,,,,,,,,,,,,,,,,,,,,,,,,,,,,,,
,MIMD,143,"RH=AH-BH ,            AR1++",,,,,,,,,,,,,,,,,,,,,,,,,,,,,,,,,,,,
,MIMD,144,"RH=AH-BH ,            AR2++",,,,,,,,,,,,,,,,,,,,,,,,,,,,,,,,,,,,
,MIMD,141,"           RL=AL-BL , AR1++",,,,,,,,,,,,,,,,,,,,,,,,,,,,,,,,,,,,
,MIMD,142,"           RL=AL-BL , AR2++",,,,,,,,,,,,,,,,,,,,,,,,,,,,,,,,,,,,
,MIMD,147,"RH=AH+BH ,            AR1++ , AR2++",,,,,,,,,,,,,,,,,,,,,,,,,,,,,,,,,,,,
,MIMD,147,"           RL=AL+BL , AR1++ , AR2++",,,,,,,,,,,,,,,,,,,,,,,,,,,,,,,,,,,,
,MIMD,149,"RH=AH-BH ,            AR1++ , AR2++",,,,,,,,,,,,,,,,,,,,,,,,,,,,,,,,,,,,
,MIMD,148,"           RL=AL-BL , AR1++ , AR2++",,,,,,,,,,,,,,,,,,,,,,,,,,,,,,,,,,,,
,MIMD,9,"RL=AL+BL , AH=(AR1)",Addtion(s) in paralel with register operation,,,,,,,,,,,,,,,,,,,,,,,,,,,,,,,,,,,
,MIMD,10,"RH=AH+BH , AL=(AR1)",Possibly with address increment,,,,,,,,,,,,,,,,,,,,,,,,,,,,,,,,,,,
,MIMD,11,"RL=AL+BL , BH=(AR1)",,,,,,,,,,,,,,,,,,,,,,,,,,,,,,,,,,,,
,MIMD,12,"RH=AH+BH , BL=(AR1)",,,,,,,,,,,,,,,,,,,,,,,,,,,,,,,,,,,,
,MIMD,13,"RH=AH+BH , RL=AL+BL , JAH=(AR1)",,,,,,,,,,,,,,,,,,,,,,,,,,,,,,,,,,,,
,MIMD,13,"RH=AH+BH ,            JAH=(AR1)",,,,,,,,,,,,,,,,,,,,,,,,,,,,,,,,,,,,
,MIMD,13,"           RL=AL+BL , JAH=(AR1)",,,,,,,,,,,,,,,,,,,,,,,,,,,,,,,,,,,,
,MIMD,14,"RH=AH+BH , RL=AL+BL , JAL=(AR1)",,,,,,,,,,,,,,,,,,,,,,,,,,,,,,,,,,,,
,MIMD,14,"RH=AH+BH ,            JAL=(AR1)",,,,,,,,,,,,,,,,,,,,,,,,,,,,,,,,,,,,
,MIMD,14,"           RL=AL+BL , JAL=(AR1)",,,,,,,,,,,,,,,,,,,,,,,,,,,,,,,,,,,,
,MIMD,15,"RL=AL+BL , AH=(AR2)",,,,,,,,,,,,,,,,,,,,,,,,,,,,,,,,,,,,
,MIMD,16,"RH=AH+BH , AL=(AR2)",,,,,,,,,,,,,,,,,,,,,,,,,,,,,,,,,,,,
,MIMD,17,"RL=AL+BL , BH=(AR2)",,,,,,,,,,,,,,,,,,,,,,,,,,,,,,,,,,,,
,MIMD,18,"RH=AH+BH , BL=(AR2)",,,,,,,,,,,,,,,,,,,,,,,,,,,,,,,,,,,,
,MIMD,19,"RH=AH+BH , RL=AL+BL , JAH=(AR2)",,,,,,,,,,,,,,,,,,,,,,,,,,,,,,,,,,,,
,MIMD,19,"RH=AH+BH ,            JAH=(AR2)",,,,,,,,,,,,,,,,,,,,,,,,,,,,,,,,,,,,
,MIMD,19,"           RL=AL+BL , JAH=(AR2)",,,,,,,,,,,,,,,,,,,,,,,,,,,,,,,,,,,,
,MIMD,20,"RH=AH+BH , RL=AL+BL , JAL=(AR2)",,,,,,,,,,,,,,,,,,,,,,,,,,,,,,,,,,,,
,MIMD,20,"RH=AH+BH ,            JAL=(AR2)",,,,,,,,,,,,,,,,,,,,,,,,,,,,,,,,,,,,
,MIMD,20,"           RL=AL+BL , JAL=(AR2)",,,,,,,,,,,,,,,,,,,,,,,,,,,,,,,,,,,,
,MIMD,21,"RL=AL+BL , AH=(AR1) , AR2++",,,,,,,,,,,,,,,,,,,,,,,,,,,,,,,,,,,,
,MIMD,22,"RH=AH+BH , AL=(AR1) , AR2++",,,,,,,,,,,,,,,,,,,,,,,,,,,,,,,,,,,,
,MIMD,23,"RL=AL+BL , BH=(AR1) , AR2++",,,,,,,,,,,,,,,,,,,,,,,,,,,,,,,,,,,,
,MIMD,24,"RH=AH+BH , BL=(AR1) , AR2++",,,,,,,,,,,,,,,,,,,,,,,,,,,,,,,,,,,,
,MIMD,25,"RH=AH+BH , RL=AL+BL , JAH=(AR1) , AR2++",,,,,,,,,,,,,,,,,,,,,,,,,,,,,,,,,,,,
,MIMD,25,"RH=AH+BH ,            JAH=(AR1) , AR2++",,,,,,,,,,,,,,,,,,,,,,,,,,,,,,,,,,,,
,MIMD,25,"           RL=AL+BL , JAH=(AR1) , AR2++",,,,,,,,,,,,,,,,,,,,,,,,,,,,,,,,,,,,
,MIMD,26,"RH=AH+BH , RL=AL+BL , JAL=(AR1) , AR2++",,,,,,,,,,,,,,,,,,,,,,,,,,,,,,,,,,,,
,MIMD,26,"RH=AH+BH ,            JAL=(AR1) , AR2++",,,,,,,,,,,,,,,,,,,,,,,,,,,,,,,,,,,,
,MIMD,26,"           RL=AL+BL , JAL=(AR1) , AR2++",,,,,,,,,,,,,,,,,,,,,,,,,,,,,,,,,,,,
,MIMD,27,"RL=AL+BL , AH=(AR2) , AR1++",,,,,,,,,,,,,,,,,,,,,,,,,,,,,,,,,,,,
,MIMD,28,"RH=AH+BH , AL=(AR2) , AR1++",,,,,,,,,,,,,,,,,,,,,,,,,,,,,,,,,,,,
,MIMD,29,"RL=AL+BL , BH=(AR2) , AR1++",,,,,,,,,,,,,,,,,,,,,,,,,,,,,,,,,,,,
,MIMD,30,"RH=AH+BH , BL=(AR2) , AR1++",,,,,,,,,,,,,,,,,,,,,,,,,,,,,,,,,,,,
,MIMD,31,"RH=AH+BH , RL=AL+BL , JAH=(AR2) , AR1++",,,,,,,,,,,,,,,,,,,,,,,,,,,,,,,,,,,,
,MIMD,31,"RH=AH+BH ,            JAH=(AR2) , AR1++",,,,,,,,,,,,,,,,,,,,,,,,,,,,,,,,,,,,
,MIMD,31,"           RL=AL+BL , JAH=(AR2) , AR1++",,,,,,,,,,,,,,,,,,,,,,,,,,,,,,,,,,,,
,MIMD,32,"RH=AH+BH , RL=AL+BL , JAL=(AR2) , AR1++",,,,,,,,,,,,,,,,,,,,,,,,,,,,,,,,,,,,
,MIMD,32,"RH=AH+BH ,            JAL=(AR2) , AR1++",,,,,,,,,,,,,,,,,,,,,,,,,,,,,,,,,,,,
,MIMD,32,"           RL=AL+BL , JAL=(AR2) , AR1++",,,,,,,,,,,,,,,,,,,,,,,,,,,,,,,,,,,,
,MIMD,33,"RH=AH+BH , RL=AL+BL , (AR1)=AH",,,,,,,,,,,,,,,,,,,,,,,,,,,,,,,,,,,,
,MIMD,33,"RH=AH+BH ,            (AR1)=AH",,,,,,,,,,,,,,,,,,,,,,,,,,,,,,,,,,,,
,MIMD,33,"           RL=AL+BL , (AR1)=AH",,,,,,,,,,,,,,,,,,,,,,,,,,,,,,,,,,,,
,MIMD,34,"RH=AH+BH , RL=AL+BL , (AR1)=AL",,,,,,,,,,,,,,,,,,,,,,,,,,,,,,,,,,,,
,MIMD,34,"RH=AH+BH ,            (AR1)=AL",,,,,,,,,,,,,,,,,,,,,,,,,,,,,,,,,,,,
,MIMD,34,"           RL=AL+BL , (AR1)=AL",,,,,,,,,,,,,,,,,,,,,,,,,,,,,,,,,,,,
,MIMD,35,"RH=AH+BH , RL=AL+BL , (AR1)=BH",,,,,,,,,,,,,,,,,,,,,,,,,,,,,,,,,,,,
,MIMD,35,"RH=AH+BH ,            (AR1)=BH",,,,,,,,,,,,,,,,,,,,,,,,,,,,,,,,,,,,
,MIMD,35,"           RL=AL+BL , (AR1)=BH",,,,,,,,,,,,,,,,,,,,,,,,,,,,,,,,,,,,
,MIMD,36,"RH=AH+BH , RL=AL+BL , (AR1)=BL",,,,,,,,,,,,,,,,,,,,,,,,,,,,,,,,,,,,
,MIMD,36,"RH=AH+BH ,            (AR1)=BL",,,,,,,,,,,,,,,,,,,,,,,,,,,,,,,,,,,,
,MIMD,36,"           RL=AL+BL , (AR1)=BL",,,,,,,,,,,,,,,,,,,,,,,,,,,,,,,,,,,,
,MIMD,37,"RH=AH+BH , RL=AL+BL , (AR1)=RH",,,,,,,,,,,,,,,,,,,,,,,,,,,,,,,,,,,,
,MIMD,37,"RH=AH+BH ,            (AR1)=RH",,,,,,,,,,,,,,,,,,,,,,,,,,,,,,,,,,,,
,MIMD,37,"           RL=AL+BL , (AR1)=RH",,,,,,,,,,,,,,,,,,,,,,,,,,,,,,,,,,,,
,MIMD,38,"RH=AH+BH , RL=AL+BL , (AR1)=RL",,,,,,,,,,,,,,,,,,,,,,,,,,,,,,,,,,,,
,MIMD,38,"RH=AH+BH ,            (AR1)=RL",,,,,,,,,,,,,,,,,,,,,,,,,,,,,,,,,,,,
,MIMD,38,"           RL=AL+BL , (AR1)=RL",,,,,,,,,,,,,,,,,,,,,,,,,,,,,,,,,,,,
,MIMD,39,"RH=AH+BH , RL=AL+BL , (AR2)=AH",,,,,,,,,,,,,,,,,,,,,,,,,,,,,,,,,,,,
,MIMD,39,"RH=AH+BH ,            (AR2)=AH",,,,,,,,,,,,,,,,,,,,,,,,,,,,,,,,,,,,
,MIMD,39,"           RL=AL+BL , (AR2)=AH",,,,,,,,,,,,,,,,,,,,,,,,,,,,,,,,,,,,
,MIMD,40,"RH=AH+BH , RL=AL+BL , (AR2)=AL",,,,,,,,,,,,,,,,,,,,,,,,,,,,,,,,,,,,
,MIMD,40,"RH=AH+BH ,            (AR2)=AL",,,,,,,,,,,,,,,,,,,,,,,,,,,,,,,,,,,,
,MIMD,40,"           RL=AL+BL , (AR2)=AL",,,,,,,,,,,,,,,,,,,,,,,,,,,,,,,,,,,,
,MIMD,41,"RH=AH+BH , RL=AL+BL , (AR2)=BH",,,,,,,,,,,,,,,,,,,,,,,,,,,,,,,,,,,,
,MIMD,41,"RH=AH+BH ,            (AR2)=BH",,,,,,,,,,,,,,,,,,,,,,,,,,,,,,,,,,,,
,MIMD,41,"           RL=AL+BL , (AR2)=BH",,,,,,,,,,,,,,,,,,,,,,,,,,,,,,,,,,,,
,MIMD,42,"RH=AH+BH , RL=AL+BL , (AR2)=BL",,,,,,,,,,,,,,,,,,,,,,,,,,,,,,,,,,,,
,MIMD,42,"RH=AH+BH ,            (AR2)=BL",,,,,,,,,,,,,,,,,,,,,,,,,,,,,,,,,,,,
,MIMD,42,"           RL=AL+BL , (AR2)=BL",,,,,,,,,,,,,,,,,,,,,,,,,,,,,,,,,,,,
,MIMD,43,"RH=AH+BH , RL=AL+BL , (AR2)=RH",,,,,,,,,,,,,,,,,,,,,,,,,,,,,,,,,,,,
,MIMD,43,"RH=AH+BH ,            (AR2)=RH",,,,,,,,,,,,,,,,,,,,,,,,,,,,,,,,,,,,
,MIMD,43,"           RL=AL+BL , (AR2)=RH",,,,,,,,,,,,,,,,,,,,,,,,,,,,,,,,,,,,
,MIMD,44,"RH=AH+BH , RL=AL+BL , (AR2)=RL",,,,,,,,,,,,,,,,,,,,,,,,,,,,,,,,,,,,
,MIMD,44,"RH=AH+BH ,            (AR2)=RL",,,,,,,,,,,,,,,,,,,,,,,,,,,,,,,,,,,,
,MIMD,44,"           RL=AL+BL , (AR2)=RL",,,,,,,,,,,,,,,,,,,,,,,,,,,,,,,,,,,,
,MIMD,45,"RH=AH+BH , RL=AL+BL , (AR1)=AH , AR2++",,,,,,,,,,,,,,,,,,,,,,,,,,,,,,,,,,,,
,MIMD,45,"RH=AH+BH ,            (AR1)=AH , AR2++",,,,,,,,,,,,,,,,,,,,,,,,,,,,,,,,,,,,
,MIMD,45,"           RL=AL+BL , (AR1)=AH , AR2++",,,,,,,,,,,,,,,,,,,,,,,,,,,,,,,,,,,,
,MIMD,46,"RH=AH+BH , RL=AL+BL , (AR1)=AL , AR2++",,,,,,,,,,,,,,,,,,,,,,,,,,,,,,,,,,,,
,MIMD,46,"RH=AH+BH ,            (AR1)=AL , AR2++",,,,,,,,,,,,,,,,,,,,,,,,,,,,,,,,,,,,
,MIMD,46,"           RL=AL+BL , (AR1)=AL , AR2++",,,,,,,,,,,,,,,,,,,,,,,,,,,,,,,,,,,,
,MIMD,47,"RH=AH+BH , RL=AL+BL , (AR1)=BH , AR2++",,,,,,,,,,,,,,,,,,,,,,,,,,,,,,,,,,,,
,MIMD,47,"RH=AH+BH ,            (AR1)=BH , AR2++",,,,,,,,,,,,,,,,,,,,,,,,,,,,,,,,,,,,
,MIMD,47,"           RL=AL+BL , (AR1)=BH , AR2++",,,,,,,,,,,,,,,,,,,,,,,,,,,,,,,,,,,,
,MIMD,48,"RH=AH+BH , RL=AL+BL , (AR1)=BL , AR2++",,,,,,,,,,,,,,,,,,,,,,,,,,,,,,,,,,,,
,MIMD,48,"RH=AH+BH ,            (AR1)=BL , AR2++",,,,,,,,,,,,,,,,,,,,,,,,,,,,,,,,,,,,
,MIMD,48,"           RL=AL+BL , (AR1)=BL , AR2++",,,,,,,,,,,,,,,,,,,,,,,,,,,,,,,,,,,,
,MIMD,49,"RH=AH+BH , RL=AL+BL , (AR1)=RH , AR2++",,,,,,,,,,,,,,,,,,,,,,,,,,,,,,,,,,,,
,MIMD,49,"RH=AH+BH ,            (AR1)=RH , AR2++",,,,,,,,,,,,,,,,,,,,,,,,,,,,,,,,,,,,
,MIMD,49,"           RL=AL+BL , (AR1)=RH , AR2++",,,,,,,,,,,,,,,,,,,,,,,,,,,,,,,,,,,,
,MIMD,50,"RH=AH+BH , RL=AL+BL , (AR1)=RL , AR2++",,,,,,,,,,,,,,,,,,,,,,,,,,,,,,,,,,,,
,MIMD,50,"RH=AH+BH ,            (AR1)=RL , AR2++",,,,,,,,,,,,,,,,,,,,,,,,,,,,,,,,,,,,
,MIMD,50,"           RL=AL+BL , (AR1)=RL , AR2++",,,,,,,,,,,,,,,,,,,,,,,,,,,,,,,,,,,,
,MIMD,51,"RH=AH+BH , RL=AL+BL , (AR2)=AH , AR1++",,,,,,,,,,,,,,,,,,,,,,,,,,,,,,,,,,,,
,MIMD,51,"RH=AH+BH ,            (AR2)=AH , AR1++",,,,,,,,,,,,,,,,,,,,,,,,,,,,,,,,,,,,
,MIMD,51,"           RL=AL+BL , (AR2)=AH , AR1++",,,,,,,,,,,,,,,,,,,,,,,,,,,,,,,,,,,,
,MIMD,52,"RH=AH+BH , RL=AL+BL , (AR2)=AL , AR1++",,,,,,,,,,,,,,,,,,,,,,,,,,,,,,,,,,,,
,MIMD,52,"RH=AH+BH ,            (AR2)=AL , AR1++",,,,,,,,,,,,,,,,,,,,,,,,,,,,,,,,,,,,
,MIMD,52,"           RL=AL+BL , (AR2)=AL , AR1++",,,,,,,,,,,,,,,,,,,,,,,,,,,,,,,,,,,,
,MIMD,53,"RH=AH+BH , RL=AL+BL , (AR2)=BH , AR1++",,,,,,,,,,,,,,,,,,,,,,,,,,,,,,,,,,,,
,MIMD,53,"RH=AH+BH ,            (AR2)=BH , AR1++",,,,,,,,,,,,,,,,,,,,,,,,,,,,,,,,,,,,
,MIMD,53,"           RL=AL+BL , (AR2)=BH , AR1++",,,,,,,,,,,,,,,,,,,,,,,,,,,,,,,,,,,,
,MIMD,54,"RH=AH+BH , RL=AL+BL , (AR2)=BL , AR1++",,,,,,,,,,,,,,,,,,,,,,,,,,,,,,,,,,,,
,MIMD,54,"RH=AH+BH ,            (AR2)=BL , AR1++",,,,,,,,,,,,,,,,,,,,,,,,,,,,,,,,,,,,
,MIMD,54,"           RL=AL+BL , (AR2)=BL , AR1++",,,,,,,,,,,,,,,,,,,,,,,,,,,,,,,,,,,,
,MIMD,55,"RH=AH+BH , RL=AL+BL , (AR2)=RH , AR1++",,,,,,,,,,,,,,,,,,,,,,,,,,,,,,,,,,,,
,MIMD,55,"RH=AH+BH ,            (AR2)=RH , AR1++",,,,,,,,,,,,,,,,,,,,,,,,,,,,,,,,,,,,
,MIMD,55,"           RL=AL+BL , (AR2)=RH , AR1++",,,,,,,,,,,,,,,,,,,,,,,,,,,,,,,,,,,,
,MIMD,56,"RH=AH+BH , RL=AL+BL , (AR2)=RL , AR1++",,,,,,,,,,,,,,,,,,,,,,,,,,,,,,,,,,,,
,MIMD,56,"RH=AH+BH ,            (AR2)=RL , AR1++",,,,,,,,,,,,,,,,,,,,,,,,,,,,,,,,,,,,
,MIMD,56,"           RL=AL+BL , (AR2)=RL , AR1++",,,,,,,,,,,,,,,,,,,,,,,,,,,,,,,,,,,,
,MIMD,61,"RH=AH+BH , RL=AL+BL , AR1=A",,,,,,,,,,,,,,,,,,,,,,,,,,,,,,,,,,,,
,MIMD,61,"RH=AH+BH ,            AR1=A",,,,,,,,,,,,,,,,,,,,,,,,,,,,,,,,,,,,
,MIMD,61,"           RL=AL+BL , AR1=A",,,,,,,,,,,,,,,,,,,,,,,,,,,,,,,,,,,,
,MIMD,62,"RH=AH+BH , RL=AL+BL , AR1=B",,,,,,,,,,,,,,,,,,,,,,,,,,,,,,,,,,,,
,MIMD,62,"RH=AH+BH ,            AR1=B",,,,,,,,,,,,,,,,,,,,,,,,,,,,,,,,,,,,
,MIMD,62,"           RL=AL+BL , AR1=B",,,,,,,,,,,,,,,,,,,,,,,,,,,,,,,,,,,,
,MIMD,64,"RH=AH+BH , RL=AL+BL , AR2=A",,,,,,,,,,,,,,,,,,,,,,,,,,,,,,,,,,,,
,MIMD,64,"RH=AH+BH ,            AR2=A",,,,,,,,,,,,,,,,,,,,,,,,,,,,,,,,,,,,
,MIMD,64,"           RL=AL+BL , AR2=A",,,,,,,,,,,,,,,,,,,,,,,,,,,,,,,,,,,,
,MIMD,65,"RH=AH+BH , RL=AL+BL , AR2=B",,,,,,,,,,,,,,,,,,,,,,,,,,,,,,,,,,,,
,MIMD,65,"RH=AH+BH ,            AR2=B",,,,,,,,,,,,,,,,,,,,,,,,,,,,,,,,,,,,
,MIMD,65,"           RL=AL+BL , AR2=B",,,,,,,,,,,,,,,,,,,,,,,,,,,,,,,,,,,,
,MIMD,67,"RH=AH+BH , RL=AL+BL , JA=A",,,,,,,,,,,,,,,,,,,,,,,,,,,,,,,,,,,,
,MIMD,67,"RH=AH+BH ,            JA=A",,,,,,,,,,,,,,,,,,,,,,,,,,,,,,,,,,,,
,MIMD,67,"           RL=AL+BL , JA=A",,,,,,,,,,,,,,,,,,,,,,,,,,,,,,,,,,,,
,MIMD,68,"RH=AH+BH , RL=AL+BL , JA=B",,,,,,,,,,,,,,,,,,,,,,,,,,,,,,,,,,,,
,MIMD,68,"RH=AH+BH ,            JA=B",,,,,,,,,,,,,,,,,,,,,,,,,,,,,,,,,,,,
,MIMD,68,"           RL=AL+BL , JA=B",,,,,,,,,,,,,,,,,,,,,,,,,,,,,,,,,,,,
,MIMD,70,"RL=AL+BL , AH=BH",,,,,,,,,,,,,,,,,,,,,,,,,,,,,,,,,,,,
,MIMD,71,"RL=AL+BL , AH=RH",,,,,,,,,,,,,,,,,,,,,,,,,,,,,,,,,,,,
,MIMD,72,"RL=AL+BL , BH=AH",,,,,,,,,,,,,,,,,,,,,,,,,,,,,,,,,,,,
,MIMD,73,"RL=AL+BL , BH=RH",,,,,,,,,,,,,,,,,,,,,,,,,,,,,,,,,,,,
,MIMD,74,"RH=AH+BH , RL=AL+BL , JAH=AH",,,,,,,,,,,,,,,,,,,,,,,,,,,,,,,,,,,,
,MIMD,74,"RH=AH+BH ,            JAH=AH",,,,,,,,,,,,,,,,,,,,,,,,,,,,,,,,,,,,
,MIMD,74,"           RL=AL+BL , JAH=AH",,,,,,,,,,,,,,,,,,,,,,,,,,,,,,,,,,,,
,MIMD,75,"RH=AH+BH , RL=AL+BL , JAH=BH",,,,,,,,,,,,,,,,,,,,,,,,,,,,,,,,,,,,
,MIMD,75,"RH=AH+BH ,            JAH=BH",,,,,,,,,,,,,,,,,,,,,,,,,,,,,,,,,,,,
,MIMD,75,"           RL=AL+BL , JAH=BH",,,,,,,,,,,,,,,,,,,,,,,,,,,,,,,,,,,,
,MIMD,76,"RH=AH+BH , RL=AL+BL , JAH=RH",,,,,,,,,,,,,,,,,,,,,,,,,,,,,,,,,,,,
,MIMD,76,"RH=AH+BH ,            JAH=RH",,,,,,,,,,,,,,,,,,,,,,,,,,,,,,,,,,,,
,MIMD,76,"           RL=AL+BL , JAH=RH",,,,,,,,,,,,,,,,,,,,,,,,,,,,,,,,,,,,
,MIMD,77,"RH=AH+BH , AL=BL",,,,,,,,,,,,,,,,,,,,,,,,,,,,,,,,,,,,
,MIMD,78,"RH=AH+BH , AL=RL",,,,,,,,,,,,,,,,,,,,,,,,,,,,,,,,,,,,
,MIMD,79,"RH=AH+BH , BL=AL",,,,,,,,,,,,,,,,,,,,,,,,,,,,,,,,,,,,
,MIMD,80,"RH=AH+BH , BL=RL",,,,,,,,,,,,,,,,,,,,,,,,,,,,,,,,,,,,
,MIMD,81,"RH=AH+BH , RL=AL+BL , JAL=AL",,,,,,,,,,,,,,,,,,,,,,,,,,,,,,,,,,,,
,MIMD,81,"RH=AH+BH ,            JAL=AL",,,,,,,,,,,,,,,,,,,,,,,,,,,,,,,,,,,,
,MIMD,81,"           RL=AL+BL , JAL=AL",,,,,,,,,,,,,,,,,,,,,,,,,,,,,,,,,,,,
,MIMD,82,"RH=AH+BH , RL=AL+BL , JAL=BL",,,,,,,,,,,,,,,,,,,,,,,,,,,,,,,,,,,,
,MIMD,82,"RH=AH+BH ,            JAL=BL",,,,,,,,,,,,,,,,,,,,,,,,,,,,,,,,,,,,
,MIMD,82,"           RL=AL+BL , JAL=BL",,,,,,,,,,,,,,,,,,,,,,,,,,,,,,,,,,,,
,MIMD,83,"RH=AH+BH , RL=AL+BL , JAL=RL",,,,,,,,,,,,,,,,,,,,,,,,,,,,,,,,,,,,
,MIMD,83,"RH=AH+BH ,            JAL=RL",,,,,,,,,,,,,,,,,,,,,,,,,,,,,,,,,,,,
,MIMD,83,"           RL=AL+BL , JAL=RL",,,,,,,,,,,,,,,,,,,,,,,,,,,,,,,,,,,,
,MIMD,151,"RL=AL-BL , JAH=(AR1)",Subtraction on low-bus in parallel with register operation,,,,,,,,,,,,,,,,,,,,,,,,,,,,,,,,,,,
,MIMD,152,"RL=AL-BL , JAL=(AR1)",Possibly with address increment,,,,,,,,,,,,,,,,,,,,,,,,,,,,,,,,,,,
,MIMD,153,"RL=AL-BL , JAH=(AR2)",,,,,,,,,,,,,,,,,,,,,,,,,,,,,,,,,,,,
,MIMD,154,"RL=AL-BL , JAL=(AR2)",,,,,,,,,,,,,,,,,,,,,,,,,,,,,,,,,,,,
,MIMD,155,"RL=AL-BL , JAH=(AR1) , AR2++",,,,,,,,,,,,,,,,,,,,,,,,,,,,,,,,,,,,
,MIMD,156,"RL=AL-BL , JAL=(AR1) , AR2++",,,,,,,,,,,,,,,,,,,,,,,,,,,,,,,,,,,,
,MIMD,157,"RL=AL-BL , JAH=(AR2) , AR1++",,,,,,,,,,,,,,,,,,,,,,,,,,,,,,,,,,,,
,MIMD,158,"RL=AL-BL , JAL=(AR2) , AR1++",,,,,,,,,,,,,,,,,,,,,,,,,,,,,,,,,,,,
,MIMD,159,"RL=AL-BL , (AR1)=AH",,,,,,,,,,,,,,,,,,,,,,,,,,,,,,,,,,,,
,MIMD,160,"RL=AL-BL , (AR1)=AL",,,,,,,,,,,,,,,,,,,,,,,,,,,,,,,,,,,,
,MIMD,161,"RL=AL-BL , (AR1)=BH",,,,,,,,,,,,,,,,,,,,,,,,,,,,,,,,,,,,
,MIMD,162,"RL=AL-BL , (AR1)=BL",,,,,,,,,,,,,,,,,,,,,,,,,,,,,,,,,,,,
,MIMD,163,"RL=AL-BL , (AR1)=RH",,,,,,,,,,,,,,,,,,,,,,,,,,,,,,,,,,,,
,MIMD,164,"RL=AL-BL , (AR1)=RL",,,,,,,,,,,,,,,,,,,,,,,,,,,,,,,,,,,,
,MIMD,165,"RL=AL-BL , (AR2)=AH",,,,,,,,,,,,,,,,,,,,,,,,,,,,,,,,,,,,
,MIMD,166,"RL=AL-BL , (AR2)=AL",,,,,,,,,,,,,,,,,,,,,,,,,,,,,,,,,,,,
,MIMD,167,"RL=AL-BL , (AR2)=BH",,,,,,,,,,,,,,,,,,,,,,,,,,,,,,,,,,,,
,MIMD,168,"RL=AL-BL , (AR2)=BL",,,,,,,,,,,,,,,,,,,,,,,,,,,,,,,,,,,,
,MIMD,169,"RL=AL-BL , (AR2)=RH",,,,,,,,,,,,,,,,,,,,,,,,,,,,,,,,,,,,
,MIMD,170,"RL=AL-BL , (AR2)=RL",,,,,,,,,,,,,,,,,,,,,,,,,,,,,,,,,,,,
,MIMD,171,"RL=AL-BL , (AR1)=AH , AR2++",,,,,,,,,,,,,,,,,,,,,,,,,,,,,,,,,,,,
,MIMD,172,"RL=AL-BL , (AR1)=AL , AR2++",,,,,,,,,,,,,,,,,,,,,,,,,,,,,,,,,,,,
,MIMD,173,"RL=AL-BL , (AR1)=BH , AR2++",,,,,,,,,,,,,,,,,,,,,,,,,,,,,,,,,,,,
,MIMD,174,"RL=AL-BL , (AR1)=BL , AR2++",,,,,,,,,,,,,,,,,,,,,,,,,,,,,,,,,,,,
,MIMD,175,"RL=AL-BL , (AR1)=RH , AR2++",,,,,,,,,,,,,,,,,,,,,,,,,,,,,,,,,,,,
,MIMD,176,"RL=AL-BL , (AR1)=RL , AR2++",,,,,,,,,,,,,,,,,,,,,,,,,,,,,,,,,,,,
,MIMD,177,"RL=AL-BL , (AR2)=AH , AR1++",,,,,,,,,,,,,,,,,,,,,,,,,,,,,,,,,,,,
,MIMD,178,"RL=AL-BL , (AR2)=AL , AR1++",,,,,,,,,,,,,,,,,,,,,,,,,,,,,,,,,,,,
,MIMD,179,"RL=AL-BL , (AR2)=BH , AR1++",,,,,,,,,,,,,,,,,,,,,,,,,,,,,,,,,,,,
,MIMD,180,"RL=AL-BL , (AR2)=BL , AR1++",,,,,,,,,,,,,,,,,,,,,,,,,,,,,,,,,,,,
,MIMD,181,"RL=AL-BL , (AR2)=RH , AR1++",,,,,,,,,,,,,,,,,,,,,,,,,,,,,,,,,,,,
,MIMD,182,"RL=AL-BL , (AR2)=RL , AR1++",,,,,,,,,,,,,,,,,,,,,,,,,,,,,,,,,,,,
,MIMD,183,"RL=AL-BL , AR1=A",,,,,,,,,,,,,,,,,,,,,,,,,,,,,,,,,,,,
,MIMD,184,"RL=AL-BL , AR1=B",,,,,,,,,,,,,,,,,,,,,,,,,,,,,,,,,,,,
,MIMD,185,"RL=AL-BL , AR2=A",,,,,,,,,,,,,,,,,,,,,,,,,,,,,,,,,,,,
,MIMD,186,"RL=AL-BL , AR2=B",,,,,,,,,,,,,,,,,,,,,,,,,,,,,,,,,,,,
,MIMD,187,"RL=AL-BL , JA=A",,,,,,,,,,,,,,,,,,,,,,,,,,,,,,,,,,,,
,MIMD,188,"RL=AL-BL , JA=B",,,,,,,,,,,,,,,,,,,,,,,,,,,,,,,,,,,,
,MIMD,189,"RL=AL-BL , JAH=AH",,,,,,,,,,,,,,,,,,,,,,,,,,,,,,,,,,,,
,MIMD,190,"RL=AL-BL , JAH=BH",,,,,,,,,,,,,,,,,,,,,,,,,,,,,,,,,,,,
,MIMD,191,"RL=AL-BL , JAH=RH",,,,,,,,,,,,,,,,,,,,,,,,,,,,,,,,,,,,
,MIMD,192,"RL=AL-BL , JAL=AL",,,,,,,,,,,,,,,,,,,,,,,,,,,,,,,,,,,,
,MIMD,193,"RL=AL-BL , JAL=BL",,,,,,,,,,,,,,,,,,,,,,,,,,,,,,,,,,,,
,MIMD,194,"RL=AL-BL , JAL=RL",,,,,,,,,,,,,,,,,,,,,,,,,,,,,,,,,,,,
,MIMD,195,"RH=AH-BH , JAH=(AR1)",Subtraction on high bus in parallel with register operation,,,,,,,,,,,,,,,,,,,,,,,,,,,,,,,,,,,
,MIMD,196,"RH=AH-BH , JAL=(AR1)",Possibly with address increment,,,,,,,,,,,,,,,,,,,,,,,,,,,,,,,,,,,
,MIMD,197,"RH=AH-BH , JAH=(AR2)",,,,,,,,,,,,,,,,,,,,,,,,,,,,,,,,,,,,
,MIMD,198,"RH=AH-BH , JAL=(AR2)",,,,,,,,,,,,,,,,,,,,,,,,,,,,,,,,,,,,
,MIMD,199,"RH=AH-BH , JAH=(AR1) , AR2++",,,,,,,,,,,,,,,,,,,,,,,,,,,,,,,,,,,,
,MIMD,200,"RH=AH-BH , JAL=(AR1) , AR2++",,,,,,,,,,,,,,,,,,,,,,,,,,,,,,,,,,,,
,MIMD,201,"RH=AH-BH , JAH=(AR2) , AR1++",,,,,,,,,,,,,,,,,,,,,,,,,,,,,,,,,,,,
,MIMD,202,"RH=AH-BH , JAL=(AR2) , AR1++",,,,,,,,,,,,,,,,,,,,,,,,,,,,,,,,,,,,
,MIMD,203,"RH=AH-BH , (AR1)=AH",,,,,,,,,,,,,,,,,,,,,,,,,,,,,,,,,,,,
,MIMD,204,"RH=AH-BH , (AR1)=AL",,,,,,,,,,,,,,,,,,,,,,,,,,,,,,,,,,,,
,MIMD,205,"RH=AH-BH , (AR1)=BH",,,,,,,,,,,,,,,,,,,,,,,,,,,,,,,,,,,,
,MIMD,206,"RH=AH-BH , (AR1)=BL",,,,,,,,,,,,,,,,,,,,,,,,,,,,,,,,,,,,
,MIMD,207,"RH=AH-BH , (AR1)=RH",,,,,,,,,,,,,,,,,,,,,,,,,,,,,,,,,,,,
,MIMD,208,"RH=AH-BH , (AR1)=RL",,,,,,,,,,,,,,,,,,,,,,,,,,,,,,,,,,,,
,MIMD,209,"RH=AH-BH , (AR2)=AH",,,,,,,,,,,,,,,,,,,,,,,,,,,,,,,,,,,,
,MIMD,210,"RH=AH-BH , (AR2)=AL",,,,,,,,,,,,,,,,,,,,,,,,,,,,,,,,,,,,
,MIMD,211,"RH=AH-BH , (AR2)=BH",,,,,,,,,,,,,,,,,,,,,,,,,,,,,,,,,,,,
,MIMD,212,"RH=AH-BH , (AR2)=BL",,,,,,,,,,,,,,,,,,,,,,,,,,,,,,,,,,,,
,MIMD,213,"RH=AH-BH , (AR2)=RH",,,,,,,,,,,,,,,,,,,,,,,,,,,,,,,,,,,,
,MIMD,214,"RH=AH-BH , (AR2)=RL",,,,,,,,,,,,,,,,,,,,,,,,,,,,,,,,,,,,
,MIMD,215,"RH=AH-BH , (AR1)=AH , AR2++",,,,,,,,,,,,,,,,,,,,,,,,,,,,,,,,,,,,
,MIMD,216,"RH=AH-BH , (AR1)=AL , AR2++",,,,,,,,,,,,,,,,,,,,,,,,,,,,,,,,,,,,
,MIMD,217,"RH=AH-BH , (AR1)=BH , AR2++",,,,,,,,,,,,,,,,,,,,,,,,,,,,,,,,,,,,
,MIMD,218,"RH=AH-BH , (AR1)=BL , AR2++",,,,,,,,,,,,,,,,,,,,,,,,,,,,,,,,,,,,
,MIMD,219,"RH=AH-BH , (AR1)=RH , AR2++",,,,,,,,,,,,,,,,,,,,,,,,,,,,,,,,,,,,
,MIMD,220,"RH=AH-BH , (AR1)=RL , AR2++",,,,,,,,,,,,,,,,,,,,,,,,,,,,,,,,,,,,
,MIMD,221,"RH=AH-BH , (AR2)=AH , AR1++",,,,,,,,,,,,,,,,,,,,,,,,,,,,,,,,,,,,
,MIMD,222,"RH=AH-BH , (AR2)=AL , AR1++",,,,,,,,,,,,,,,,,,,,,,,,,,,,,,,,,,,,
,MIMD,223,"RH=AH-BH , (AR2)=BH , AR1++",,,,,,,,,,,,,,,,,,,,,,,,,,,,,,,,,,,,
,MIMD,224,"RH=AH-BH , (AR2)=BL , AR1++",,,,,,,,,,,,,,,,,,,,,,,,,,,,,,,,,,,,
,MIMD,225,"RH=AH-BH , (AR2)=RH , AR1++",,,,,,,,,,,,,,,,,,,,,,,,,,,,,,,,,,,,
,MIMD,226,"RH=AH-BH , (AR2)=RL , AR1++",,,,,,,,,,,,,,,,,,,,,,,,,,,,,,,,,,,,
,MIMD,227,"RH=AH-BH , AR1=A",,,,,,,,,,,,,,,,,,,,,,,,,,,,,,,,,,,,
,MIMD,228,"RH=AH-BH , AR1=B",,,,,,,,,,,,,,,,,,,,,,,,,,,,,,,,,,,,
,MIMD,229,"RH=AH-BH , AR2=A",,,,,,,,,,,,,,,,,,,,,,,,,,,,,,,,,,,,
,MIMD,230,"RH=AH-BH , AR2=B",,,,,,,,,,,,,,,,,,,,,,,,,,,,,,,,,,,,
,MIMD,231,"RH=AH-BH , JA=A",,,,,,,,,,,,,,,,,,,,,,,,,,,,,,,,,,,,
,MIMD,232,"RH=AH-BH , JA=B",,,,,,,,,,,,,,,,,,,,,,,,,,,,,,,,,,,,
,MIMD,233,"RH=AH-BH , JAH=AH",,,,,,,,,,,,,,,,,,,,,,,,,,,,,,,,,,,,
,MIMD,234,"RH=AH-BH , JAH=BH",,,,,,,,,,,,,,,,,,,,,,,,,,,,,,,,,,,,
,MIMD,235,"RH=AH-BH , JAH=RH",,,,,,,,,,,,,,,,,,,,,,,,,,,,,,,,,,,,
,MIMD,236,"RH=AH-BH , JAL=AL",,,,,,,,,,,,,,,,,,,,,,,,,,,,,,,,,,,,
,MIMD,237,"RH=AH-BH , JAL=BL",,,,,,,,,,,,,,,,,,,,,,,,,,,,,,,,,,,,
,MIMD,238,"RH=AH-BH , JAL=RL",,,,,,,,,,,,,,,,,,,,,,,,,,,,,,,,,,,,
,,,,,,,,,,,,,,,,,,,,,,,,,,,,,,,,,,,,,,,
,,,,,,,,,,,,,,,,,,,,,,,,,,,,,,,,,,,,,,,
,,,,,,,,,,,,,,,,,,,,,,,,,,,,,,,,,,,,,,,
,,,,,,,,,,,,,,,,,,,,,,,,,,,,,,,,,,,,,,,
,,,,,,,,,,,,,,,,,,,,,,,,,,,,,,,,,,,,,,,
,,,,,,,,,,,,,,,,,,,,,,,,,,,,,,,,,,,,,,,
,,,,,,,,,,,,,,,,,,,,,,,,,,,,,,,,,,,,,,,
,,,,,,,,,,,,,,,,,,,,,,,,,,,,,,,,,,,,,,,
,,,,,,,,,,,,,,,,,,,,,,,,,,,,,,,,,,,,,,,
,,,,,,,,,,,,,,,,,,,,,,,,,,,,,,,,,,,,,,,
,,,,,,,,,,,,,,,,,,,,,,,,,,,,,,,,,,,,,,,
,,,,,,,,,,,,,,,,,,,,,,,,,,,,,,,,,,,,,,,
,,,,,,,,,,,,,,,,,,,,,,,,,,,,,,,,,,,,,,,
,,,,,,,,,,,,,,,,,,,,,,,,,,,,,,,,,,,,,,,
,,,,,,,,,,,,,,,,,,,,,,,,,,,,,,,,,,,,,,,
,,,,,,,,,,,,,,,,,,,,,,,,,,,,,,,,,,,,,,,
,,,,,,,,,,,,,,,,,,,,,,,,,,,,,,,,,,,,,,,
,,,,,,,,,,,,,,,,,,,,,,,,,,,,,,,,,,,,,,,
,,,,,,,,,,,,,,,,,,,,,,,,,,,,,,,,,,,,,,,
,,,,,,,,,,,,,,,,,,,,,,,,,,,,,,,,,,,,,,,
,,,,,,,,,,,,,,,,,,,,,,,,,,,,,,,,,,,,,,,
,,,,,,,,,,,,,,,,,,,,,,,,,,,,,,,,,,,,,,,
,,,,,,,,,,,,,,,,,,,,,,,,,,,,,,,,,,,,,,,
,,,,,,,,,,,,,,,,,,,,,,,,,,,,,,,,,,,,,,,
,,,,,,,,,,,,,,,,,,,,,,,,,,,,,,,,,,,,,,,
,,,,,,,,,,,,,,,,,,,,,,,,,,,,,,,,,,,,,,,
,,,,,,,,,,,,,,,,,,,,,,,,,,,,,,,,,,,,,,,
,,,,,,,,,,,,,,,,,,,,,,,,,,,,,,,,,,,,,,,
,,,,,,,,,,,,,,,,,,,,,,,,,,,,,,,,,,,,,,,
,,,,,,,,,,,,,,,,,,,,,,,,,,,,,,,,,,,,,,,
,,,,,,,,,,,,,,,,,,,,,,,,,,,,,,,,,,,,,,,
,,,,,,,,,,,,,,,,,,,,,,,,,,,,,,,,,,,,,,,
,,,,,,,,,,,,,,,,,,,,,,,,,,,,,,,,,,,,,,,
,,,,,,,,,,,,,,,,,,,,,,,,,,,,,,,,,,,,,,,
,,,,,,,,,,,,,,,,,,,,,,,,,,,,,,,,,,,,,,,
,,,,,,,,,,,,,,,,,,,,,,,,,,,,,,,,,,,,,,,
,,,,,,,,,,,,,,,,,,,,,,,,,,,,,,,,,,,,,,,
,,,,,,,,,,,,,,,,,,,,,,,,,,,,,,,,,,,,,,,
,,,,,,,,,,,,,,,,,,,,,,,,,,,,,,,,,,,,,,,
,,,,,,,,,,,,,,,,,,,,,,,,,,,,,,,,,,,,,,,
,,,,,,,,,,,,,,,,,,,,,,,,,,,,,,,,,,,,,,,
,,,,,,,,,,,,,,,,,,,,,,,,,,,,,,,,,,,,,,,
,,,,,,,,,,,,,,,,,,,,,,,,,,,,,,,,,,,,,,,
,,,,,,,,,,,,,,,,,,,,,,,,,,,,,,,,,,,,,,,
,,,,,,,,,,,,,,,,,,,,,,,,,,,,,,,,,,,,,,,
,,,,,,,,,,,,,,,,,,,,,,,,,,,,,,,,,,,,,,,
,,,,,,,,,,,,,,,,,,,,,,,,,,,,,,,,,,,,,,,
,,,,,,,,,,,,,,,,,,,,,,,,,,,,,,,,,,,,,,,
,,,,,,,,,,,,,,,,,,,,,,,,,,,,,,,,,,,,,,,
,,,,,,,,,,,,,,,,,,,,,,,,,,,,,,,,,,,,,,,
,,,,,,,,,,,,,,,,,,,,,,,,,,,,,,,,,,,,,,,
,,,,,,,,,,,,,,,,,,,,,,,,,,,,,,,,,,,,,,,
,,,,,,,,,,,,,,,,,,,,,,,,,,,,,,,,,,,,,,,
,,,,,,,,,,,,,,,,,,,,,,,,,,,,,,,,,,,,,,,
,,,,,,,,,,,,,,,,,,,,,,,,,,,,,,,,,,,,,,,
,,,,,,,,,,,,,,,,,,,,,,,,,,,,,,,,,,,,,,,
,,,,,,,,,,,,,,,,,,,,,,,,,,,,,,,,,,,,,,,
,,,,,,,,,,,,,,,,,,,,,,,,,,,,,,,,,,,,,,,
,,,,,,,,,,,,,,,,,,,,,,,,,,,,,,,,,,,,,,,
,,,,,,,,,,,,,,,,,,,,,,,,,,,,,,,,,,,,,,,
,,,,,,,,,,,,,,,,,,,,,,,,,,,,,,,,,,,,,,,
,,,,,,,,,,,,,,,,,,,,,,,,,,,,,,,,,,,,,,,
,,,,,,,,,,,,,,,,,,,,,,,,,,,,,,,,,,,,,,,
,,,,,,,,,,,,,,,,,,,,,,,,,,,,,,,,,,,,,,,